,Indicador 17- Total elementos servicio,Indicador 6- Funcionamiento del COMUDE,Indicador 18- Oficinas municipales con instrumentos de gestiÃ³n,Indicador 20- Ingresos per capita,Indicador 24- EjecuciÃ³n plan operativo,3) Indice de Informacion a Ciudadania,ranking,Indicador 28- Acciones de Ordenamiento Territorial,Indicador 19- Independencia financiera,Indicador 7- Existencia de reglamento interno,Indicador 10- Presentacion informacion ejecucion presupuestaria anual,7) Indice de Gestion Estrategica,indice_gestion,Indicador 27- Presupuesto destinado a DEL_ Servicios PÃºblicos y GestiÃ³n Ambiental,Indicador 29- AnÃ¡lisis de riesgo en inversiÃ³n pÃºblica,8) Indice de Municipio Saludable,Indicador 4- Asistencia del Alcalde al total de reuniones del COMUDE,5) Indice de Gestion Administrativa,Indicador 13- Monto asignado Guatecompras como porcentaje de egresos (SOLO TRANSFERENCIAS DE CAPITAL),municipio,Indicador 22- InversiÃ³n con ingreso s propios,Indicador 15- Calidad y cobertura recolecciÃ³n de basura en el municipio,2) Indice de Participacion,Indicador 12- Porcentaje de informacion publica de oficio disponible,departamento,6) Indice de Gestion Financiera,Indicador 21- InversiÃ³n con transferencias,Indicador 25- Posicionamiento estratÃ©gico del Plan de Desarrollo,Indicador 23- Deuda en el total de ingresos,Indicador 5- Representacion territorial del COMUDE,Indicador 1- Reuniones ordinarias del COMUDE,Indicador 16- GestiÃ³n de mercados y rastros,Indicador 2- Asistencia Concejales designados y concejal de salud (MSALUDABLE),Indicador 3- RepresentaciÃ³n de grupos de mujeres_ jÃ³venes e indÃ­genas,1) Indice de Gestion 2012,Indicador 14- Calidad y cobertura de agua en el municipio,Indicador 11- InformaciÃ³n disponible medios diversos,Indicador 8- Total temas tratados,Indicador 9- Numero de rendiciones de cuentas trimestrales en el aÃ±o y foco en resultados,Indicador 26- Proyectos plan de desarrollo municipal,4) Indice de Servicios
1001,0,0,0.25,157.1586,0.55,0.1136,314,0.25,0.3728,0,0,0.2517,0.182,0.2598,0,0.0766,0.3333,0.125,0.5678,Mazatenango,0.0546,0.2,0.1198,0,Suchitepequez,0.3795,0.2704,0.3439,1,0,2,0,0,0.3333,0.182,0,0,0,0,0.0598,0.1026
1002,2,0,0.25,58.0859,1,0.3016,247,0,0.1762,0,0,0.5531,0.2817,0.3201,1,0.0951,0,0.2679,0.2082,Cuyotenango,0.2137,0.25,0,0.3,Suchitepequez,0.4393,0.654,0.3201,0.9736,0,0,0,0,0,0.2817,0,1,0,0,0.3201,0.1282
1003,3,0.1,0.6,82.2137,0.6667,0.2029,215,0,0.1102,0,0,0.579,0.3123,0.22,1,0.1534,1,0.5143,0.2147,San Francisco Zapotitlan,0.0701,0.0344,0.2311,0.8,Suchitepequez,0.2205,0.1375,1,0.6897,0.3194,4,0.125,0,0,0.3123,0.2,0,2,0,0.2331,0.126
1004,3,0.2,0.7,21.7948,1,0.3312,199,0,0.0391,0,0,0.5809,0.3259,0.1134,1,0.2917,0,0.5643,0.7558,San Bernardino,0.0414,0,0.1511,0.9,Suchitepequez,0.2616,0.5805,1,0.5577,0.24,0,0,0,0,0.3259,0.2,0,13,0,0.0353,0.0666
1005,5,0.4556,0.9,62.3871,0.6522,0.3836,75,0,0.052,0,0,0.5384,0.4483,0.1412,1,0.3959,0.6154,0.8071,0.5178,San Jose El Idolo,0.0901,0,0.5198,0.4,Suchitepequez,0.2135,0.3788,1,0.4406,0.2112,12,0.5833,0,0,0.4483,0.1,1,10,0,0.1184,0.2278
1006,4,0.5067,1,26.7506,0.2353,0.3878,166,0,0.064,0,0,0.0716,0.3519,0.1321,0,0.0876,0.4545,0.7857,0.3392,Santo Domingo Suchitepequez,0.2162,0,0.5623,0.6,Suchitepequez,0.3042,0.6173,0,0.4838,1,10,0,0,0.3333,0.3519,0,1,9,0,0,0
1007,2,0.1,0.175,164.9217,0.3684,0.23,317,0,0.1694,0,0,0.1123,0.1697,0.1383,0,0.2577,0.25,0.2304,1,San Lorenzo,0.0219,0.2,0.1031,0.15,Suchitepequez,0.2397,0.3522,0.0773,0.4815,0.2595,1,0,0.1667,0,0.1697,0,0,2,0,0.0043,0.1026
1008,1,0.1444,0.25,52.2136,0.6111,0.3998,213,0.25,0.0883,0,0,0.3889,0.3145,0.0637,1,0.3079,0.8889,0.1964,0.5491,Samayac,0.1342,0.2,0.4648,0.45,Suchitepequez,0.2282,0.3836,0.1608,0.4181,0.5385,8,0,0.5,0,0.3145,0.3195,1,10,0,0.1608,0.209
1009,2,0.2667,0.25,9.9314,1,0.2567,172,0,0.0164,0,0,0.8019,0.3483,0.8506,1,0.2854,1,0.2679,0.4835,San Pablo Jocopilas,0.0167,0.0457,0.395,0.8,Suchitepequez,0.2792,0.585,1,0.7067,0.5833,6,0.125,1,0,0.3483,0.0731,0,3,0,0.3738,0.0895
101,5,0,1,934.5273,1,0.51,41,1,0.8391,0,0,0.6172,0.4941,0.2015,1,0.194,0,0.8571,1,Guatemala,0,0.4,0,0.55,Guatemala,0.5417,0.1271,0.6751,1,0,0,0.5,0,0,0.4941,0.2,1,0,0,0,0.4384
1010,0,0.6333,0.25,111.4531,0,0.4976,192,0,0.2596,0,1,0.3008,0.3306,0,1,0.312,0.2857,0.125,0.1378,San Antonio Suchitepequez,0.0012,0,0.5115,0.35,Suchitepequez,0.2598,0.1961,0.3205,0.7089,0.2669,12,0.6667,0.0794,0,0.3306,0.2004,1,9,0,0.3205,0.289
1011,2,0.3667,0.25,40.6635,0,0.3338,291,0,0.0384,0,0,0,0.2318,0,0,0.341,0.8333,0.2679,0.5688,San Miguel Panan,0.0274,0,0.3698,0.1,Suchitepequez,0.313,0.4497,0,0.9708,0.5694,5,0,0,0,0.2318,0.3193,1,11,0,0,0.1064
1012,0,0.2778,0.15,24.1568,1,0.1424,241,0,0.0167,0,0,0.6052,0.2881,0.0059,1,0.4762,1,0.075,0.3121,San Gabriel,0.0241,0.25,0.3749,0.4,Suchitepequez,0.3695,0.7141,1,1,0.9643,2,0,0.9286,0,0.2881,0.1,0,10,0,0.2941,0.1615
1013,2,0,0.25,59.3951,1,0.351,265,0,0.1731,0,0,0.4073,0.262,0.0496,1,0.0809,0,0.2679,0.3548,Chicacao,0.0196,0.25,0.0188,0.4,Suchitepequez,0.3307,0.3624,0.0817,0.9943,0.2,0,0,0,0,0.262,0.2041,1,0,0,0.0817,0.1962
1014,0,0,0,108.7058,0,0.0691,324,0,0.2117,0,0,0.3667,0.1319,0,1,0,0,0,0.3456,Patulul,0.1422,0,0,0,Suchitepequez,0.3557,0.458,1,0.7853,0,0,0,0,0,0.1319,0,0,0,0,0,0
1015,2,0,0.25,36.73,1,0.2631,263,0,0.0674,0,0,0.5209,0.2646,0.265,1,0.087,0,0.2679,0.3156,Santa Barbara,0.1905,0.25,0,0,Suchitepequez,0.4076,0.6422,0.265,1,0,0,0,0,0,0.2646,0,1,0,0,0.265,0.1282
1016,3,0.2667,0.275,30.545,1,0.7141,102,0,0.0303,0,1,0.6524,0.4143,0.4096,1,0.3233,0.5,0.3518,0.4369,San Juan Bautista,0.1534,0.25,0.1915,0.8,Suchitepequez,0.3589,0.5069,0.5384,1,0.4167,1,0,0.5,0,0.4143,0.2661,1,5,0.3333,0.5384,0.2169
1017,4,0.2667,0.25,142.859,1,0.1889,160,0,0.1366,0,0,0.6512,0.3561,0.1881,1,0.3139,1,0.4107,0.2445,Santo Tomas La Union,0.0183,0.1836,0.351,0.7,Suchitepequez,0.2259,0.5227,1,0.2774,0.5724,4,0.25,0.8,0,0.3561,0.3938,0,6,0,0.3309,0.3087
1018,0,0,0,470.8502,1,0.2771,321,0,0.201,0,1,0.3141,0.1563,0.2858,0,0.042,0,0,0.3855,Zunilito,0.0466,0,0,0,Suchitepequez,0.3463,0.3322,0.2858,0.783,0,0,0,0,0,0.1563,0,0,0,0,0.0913,0
1019,3,0.5333,0.25,41.6391,1,0.44,119,0,0.0457,0,0,0.5709,0.3975,0.1349,1,0.3041,1,0.3393,0.5002,Pueblo Nuevo,0.0212,0.2293,0.6064,0.7,Suchitepequez,0.1553,0.215,0.7679,0.4361,0.5417,12,0,1,0,0.3975,0.4668,1,6,0,0.1873,0.2731
102,7,0.7333,0.575,967.4504,0.5789,0.9117,1,0.25,0.6154,0,1,0.5862,0.7377,0.1285,1,0.7919,0.3333,0.7875,0.5586,Santa Catarina Pinula,0.3809,0.5229,0.7445,1,Guatemala,0.6075,0.2987,1,0.9204,0.6351,12,1,0.6786,1,0.7377,0.5617,1,12,1,0.3537,0.7887
1020,3,0.6333,0.25,77.0393,1,0.6997,43,0,0.1076,0,1,0.55,0.4932,0,1,0.5419,0.3333,0.3393,0.6318,Rio Bravo,0.2666,0.25,0.3443,0.2,Suchitepequez,0.4396,0.6689,0,0.9644,0.052,6,0.375,0,0,0.4932,1.0003,1,12,0.6667,1,0.5865
103,4,0,0.225,343.3313,0.1111,0.653,107,0,0.4074,0,0,0.4328,0.4122,0.1057,1,0.1601,1,0.3982,0.9149,San Jose Pinula,0.1139,0.4,0.185,0.85,Guatemala,0.4491,0.3775,1,1,0,2,0.25,0.9,0,0.4122,0.2,1,1,0.5,0.1252,0.3551
104,0,0,0.5,963.9189,0,0.0728,301,0,0.1141,0,0,0.3477,0.2235,0.324,1,0.0476,0,0.25,0.3638,San Jose del Golfo,0.8106,0,0,0,Guatemala,0.6704,0.7557,0.5158,0.802,0,0,0,0,0,0.2235,0,0,0,0,0,0
105,1,0.1,0.5,166.9886,0.625,0.5209,115,0,0.227,0,0,0.4968,0.4034,0.2155,1,0.168,0.5294,0.3214,0.6543,Palencia,0.3808,0,0.4304,0.95,Guatemala,0.4845,0.5363,0.6643,1,0.3462,9,0.5,0.4706,0.5,0.4034,0,1,1,0,0.1671,0.1667
106,0,0,0,325.8676,0,0.2,313,0,0.3999,0,0,0.4664,0.1831,0.5504,1,0.0809,0,0,1,Chinautla,0.0915,0,0,0,Guatemala,0.4325,0.3452,0.8967,1,0,0,0,0,0,0.1831,0,0,0,0,0,0
107,2,0,0.45,65.8269,0,0.1939,292,0.25,0.1723,0,0,0.3629,0.2315,0.3372,1,0.1577,0,0.3679,0.3197,San Pedro Ayampuc,0.0113,0.4,0,0.65,Guatemala,0.1759,0.2175,0.4696,0.3817,0,0,0.25,0,0,0.2315,0,0,0,0,0,0.2885
108,0,0,0,488.555,0.7931,0.3449,261,0,0.7021,0,0,0.6002,0.2653,0.409,1,0.1283,0,0,0.7247,Mixco,0.0371,0,0.1949,0,Guatemala,0.4516,0.0761,1,1,0,4,0,0,0,0.2653,0,1,9,0,0,0
109,2,0,0.25,174.3453,1,0.2189,188,0.25,0.2363,0,0,0.6528,0.3355,0.6815,1,0.2177,0,0.2679,0.6447,San Pedro Sacatepequez,0.6412,0.4,0,0.45,Guatemala,0.5598,0.5763,0.6461,1,0,0,0.125,0,0,0.3355,0.2,0,0,0,0,0.3134
110,2,0.1,0.5,99.4733,0.0526,0.6003,113,0.25,0.3371,1,1,0.2831,0.4051,0.0897,1,0.3908,1,0.3929,0.6516,San Juan Sacatepequez,0.1039,0.5,0.3154,0.35,Guatemala,0.4227,0.481,0.1815,1,0,3,0.375,0,0,0.4051,0.1039,1,4,0,0.0909,0.416
1101,1,0.2444,0.3,473.3567,0,0.361,189,0.25,0.4507,0,0,0.4187,0.3354,0.1447,1,0.3511,0,0.2214,0.6052,Retalhuleu,0.055,0.25,0.1872,0.2,Retalhuleu,0.4598,0.3715,1,1,0.5,0,0.7083,0,0.5,0.3354,0,1,7,0,0,0.3643
1102,4,0.3424,0.5,36.5568,0.7586,0.2417,96,0.25,0.0701,1,0,0.6421,0.4202,0.6184,1,0.2653,0.7143,0.5357,0.3921,San Sebastian,0.0183,0,0.6423,0.65,Retalhuleu,0.3428,0.5362,0.7683,1,0.2857,11,0.25,0.75,0,0.4202,0.1,0,7,0.1667,0.1346,0.1167
1103,1,0,0.75,26.5735,1,0.1855,158,0,0.0306,0,0,0.6355,0.3569,0,1,0.0883,1,0.4464,0.3277,Santa Cruz Mulua,0.1799,0,0.2586,0.6,Retalhuleu,0.4403,0.8455,1,1,0.0677,6,0.125,0,0,0.3569,0.4,0,2,0,0.4666,0.175
1104,0,0,0.725,53.7353,0,0.0729,266,0,0.051,0,0,0.3259,0.2616,0.0805,1,0.2095,1,0.3625,0.3643,San Martin Zapotitlan,0.2976,0,0.2029,0,Retalhuleu,0.472,0.8226,0.6829,1,0.3906,3,0,0,0,0.2616,0.4,0,2,0,0,0.1333
1105,0,0.2889,0.475,66.0512,0,0.2318,232,0,0.0884,1,0,0.304,0.2929,0.1925,1,0.3465,1,0.2375,0.6591,San Felipe Retalhuleu,0.0744,0,0.5793,0.5,Retalhuleu,0.4046,0.7163,0.1224,1,0.2485,6,0,0,1,0.2929,0,0,6,0,0.3091,0
1106,0,0,0.65,40.0343,1,0.3444,239,0,0.0713,0,1,0.5626,0.2898,0.0584,1,0.0086,0,0.325,0.2718,San Andres Villa Seca,0.436,0,0,0.45,Retalhuleu,0.5069,0.814,1,1,0,0,0,0,0,0.2898,0,0,0,0,0,0
1107,2,0.1,0.2,43.6372,0.9524,0.5956,117,0.75,0.0767,0,1,0.5565,0.4012,0.0826,1,0.2563,1,0.2429,0.4778,Champerico,0.1055,0.0029,0.4494,0.5,Retalhuleu,0.3894,0.7354,0.606,0.8919,0.6233,4,0.4167,0.75,1,0.4012,0.1,1,4,0,0.0389,0.1737
1108,0,0.1,0.175,21.9211,1,0.6726,144,0,0.045,0,1,0.5698,0.3724,0.0659,1,0.2834,1,0.0875,0.3632,Nuevo San Carlos,0.1013,0,0.4127,0.3,Retalhuleu,0.4132,0.7968,0.6337,1,0.6923,6,0.125,0,0.5,0.3724,0.11,1,5,0.7,0.397,0.0783
1109,1,0.3778,0.2,16.902,1,0.3122,205,0,0.0426,0,1,0.5745,0.3202,0.016,1,0.2899,0.8333,0.1714,0.3943,El Asintal,0.2003,0,0.351,0,Retalhuleu,0.4362,0.7976,1,1,0.5833,5,0,0.6667,0,0.3202,0.2276,0,4,0.1667,0.1146,0.0758
111,2,0.3667,0.75,210.0016,1,0.495,81,0,0.1703,0,0,0.5024,0.4379,0.3019,1,0.3393,0.9,0.5179,0.4916,San Raymundo,0.0251,0.4,0.5008,0.65,Guatemala,0.281,0.4034,0.3855,0.5994,1,9,0.375,0.55,0,0.4379,0,1,4,0.3333,0,0.3301
112,2,0,1,282.9292,1,0.1438,203,0,0.1091,0,0,0.6091,0.3238,0.1822,1,0.0749,0,0.6429,0.569,Chuarrancho,0.0222,0.25,0,0.15,Guatemala,0.4192,0.7362,0.6524,0.955,0,0,0,0,0,0.3238,0,0,0,0,0.4557,0.1282
113,4,0,0.25,781.1169,1,0.4354,138,0,0.3857,0,0,0.548,0.3758,0.4128,1,0.1494,0,0.4107,0.827,Fraijanes,0.5265,0.25,0,0.35,Guatemala,0.6244,0.4945,0.4589,1,0,0,0.125,0,0,0.3758,0.2,1,0,0,0.045,0.2365
114,3,0.1889,0.275,249.4282,1,0.6817,69,0,0.4167,0,1,0.5677,0.4557,0.4032,1,0.358,1,0.3518,0.6583,Amatitlan,0.1452,0.4,0.3095,0.75,Guatemala,0.4661,0.4621,0.5344,1,0.7115,1,0.25,0.6667,0,0.4557,0.2062,1,11,0,0.0881,0.3572
115,7,0,0.5,269.0523,0.9902,0.4629,67,0,0.6496,0,0,0.5542,0.4579,0.091,1,0.1771,0,0.75,0.8143,Villa Nueva,0.5668,0.4,0,0.5,Guatemala,0.5438,0.0903,0.4628,1,0,0,0.5,0,0,0.4579,0.1947,1,0,0,0.4628,0.4367
116,0,0,0,342.5128,0,0.1225,322,0,0.5641,0,0,0.2095,0.1427,0.1214,1,0.0178,0,0,0.6123,Villa Canales,0.5783,0,0,0,Guatemala,0.5242,0.1899,0,0.8317,0,0,0,0,0,0.1427,0,0,0,0,0,0
117,1,0,0.525,318.8062,0.3889,0.2705,257,0,0.6107,0,1,0.3081,0.2694,0.1694,1,0.1136,0,0.3339,0.1025,Petapa,0.2235,0.25,0,0.25,Guatemala,0.4672,0.1655,0.0462,0.9656,0,0,0.125,0,0,0.2694,0.2,0,0,0,0.0462,0.2365
1201,3,0.4667,0.375,462.2023,1,0.55,39,0.25,0.416,0,0,0.5588,0.4984,0,1,0.4168,0.5833,0.4018,1,San Marcos,0,0.4656,0.537,0.75,San Marcos,0.4377,0.3753,0.4163,1,0.3529,10,0.2917,0,0.5,0.4984,0.5081,1,10,0,0.5181,0.5053
1202,2,0.7358,0.35,499.8297,0.7292,0.5,56,0.25,0.466,1,0,0.3301,0.4744,0.1457,0,0.6924,0.6923,0.3179,1,San Pedro Sacatepequez,0.0112,0.4421,0.7711,0.5,San Marcos,0.441,0.3035,0.3421,1,0.214,11,0.25,0.8803,0.3333,0.4744,0.5286,1,14,0,0.4444,0.4862
1203,5,0.6333,0.325,24.9556,0.25,0.8472,28,0.25,0.0403,0,1,0.4386,0.513,0.1641,1,0.3928,1,0.5196,0.9692,San Antonio Sacatepequez,0,0,0.7198,0.8,San Marcos,0.312,0.456,0.8092,1,0.5417,12,0.125,1,0.5,0.513,0.5975,1,11,0.4667,0.0268,0.2408
1204,6,0.4222,0.55,14.549,0.8966,0.7109,46,0,0.0495,0,1,0.5722,0.4895,0.393,0,0.553,0.8889,0.7036,0.2213,Comitancillo,0,0,0.4242,0.8,San Marcos,0.3869,0.7887,1,1,0.0213,8,0.25,0.1111,0.3333,0.4895,0.1668,1,7,0.5333,0.7624,0.1389
1205,7,0.2,0.7,1615.7294,1,0.6667,14,0.25,0.6038,0,0,0.6902,0.5484,0.4378,1,0.548,0.3333,0.85,1,San Miguel Ixtahuacan,0.4767,0,0.2175,0.8,San Marcos,0.7079,0.226,1,1,0,3,0.375,0,0,0.5484,0.1,1,11,0.5333,0.1364,0.1583
1206,4,0.2,0.65,16.4019,1,0.5151,175,0,0.0463,0,0,0.4774,0.346,0.0504,1,0.1605,0,0.6107,0.6753,Concepcion Tutuapa,0,0,0.0125,0.9,San Marcos,0.3855,0.7848,0.4816,1,0,0,0.125,0,0,0.346,0.1,1,0,0,0.0629,0.075
1207,1,0.6333,0.25,47.0321,1,0.2443,159,0.5,0.1292,1,0,0.5591,0.3561,0,1,0.4152,0.7143,0.1964,0.5716,Tacana,0,0,0.575,0.65,San Marcos,0.3537,0.5364,0.6482,0.9996,0.695,6,0.125,0.6786,0.3333,0.3561,0.5,0,5,0,0.1743,0.2083
1208,3,0.4074,0.2,65.4187,0.5467,0.2619,131,0.5,0.0732,1,0,0.3772,0.3838,0,1,0.3312,0.9231,0.3143,0.5263,Sibinal,0,0.25,0.6803,0.45,San Marcos,0.3313,0.4854,0,1,0,9,0.5,0,1,0.3838,0.1286,0,10,0.3333,0.2837,0.3377
1209,0,0.6741,0.175,9.162,1,0.0499,268,0.5,0.0252,0,0,0.5633,0.2582,0,1,0.3463,0.5,0.0875,0.2493,Tajumulco,0.1723,0,0.3505,0,San Marcos,0.4229,0.7909,0.8453,1,0.0714,3,0.125,1,0.3333,0.2582,0.1,0,9,0,0,0.075
1210,0,0,0,53.5079,0,0.1431,328,0.25,0.107,0,0,0.2042,0.1209,0,1,0,0,0,0.7157,Tejutla,0,0,0,0,San Marcos,0.3781,0.6658,0,1,0,0,0,0,0,0.1209,0,0,0,0,0,0
1211,3,0.4667,0.6,74.4195,1,0.4989,137,0,0.0899,0,0,0.3396,0.3763,0.291,0,0.5276,0,0.5143,0.4276,San Rafael Pie de la Cuesta,0.0372,0,0.1564,0.7,San Marcos,0.3042,0.5067,0.4518,0.7671,0.5,0,0.8333,0,0,0.3763,0.5,1,9,0.3667,0.0582,0.4444
1212,3,0.6,0.6,16.7668,0.875,0.4338,133,0,0.0421,0,0,0.367,0.3829,0.3332,0,0.4073,1,0.5143,0.419,Nuevo Progreso,0.3337,0,0.2401,0.75,San Marcos,0.4532,0.7289,0.4776,1,0.6923,2,0.8333,0,0,0.3829,0.0333,1,2,0,0.2576,0.2889
1213,3,0.6444,0.575,32.578,1,0.7619,100,0.25,0.0794,0,1,0.474,0.4159,0.0874,1,0.4613,0.4,0.5018,0.3595,El Tumbador,0.1391,0,0.2844,0.75,San Marcos,0.3624,0.4847,0.2564,1,0,5,0.3333,0.0714,0,0.4159,0,1,8,0.7,0.1128,0.1111
1214,4,0.2,0.575,33.5193,1,0.6204,153,0,0.0517,0,1,0.4554,0.361,0,1,0.2,0,0.5732,0.2355,El Rodeo,0.3522,0,0.0125,0.7,San Marcos,0.3046,0.5713,0.4498,0.3811,0,0,0.5,0,0,0.361,0.1,1,0,0.1667,0.0344,0.2
1215,3,0,0.25,63.0736,0.9375,0.3172,165,0,0.2066,0,0,0.6368,0.353,0.0634,1,0.1796,1,0.3393,0.386,Malacatan,0.2997,0,0.1949,0.2,San Marcos,0.4561,0.5771,0.9782,1,0,4,0.125,0,0,0.353,0.3962,1,2,0,0.4833,0.1737
1216,2,0,0.2,40.9895,0,0.3138,316,0,0.0923,0,0,0.1936,0.1725,0.0197,1,0.0507,0,0.2429,0.4692,Catarina,0.0265,0,0,0.1,San Marcos,0.157,0.5546,0.006,0,0,0,0,0,0,0.1725,0.3827,1,0,0,0.0269,0.1275
1217,0,0,0,327.5314,0,0.1665,332,0,0.3599,0,0,0,0.088,0,0,0,0,0,0.8324,Ayutla,0.1587,0,0,0,San Marcos,0.3612,0.337,0,0.6135,0,0,0,0,0,0.088,0,0,0,0,0,0
1218,0,0,0,56.3823,0,0.1132,333,0,0.1393,0,0,0,0.0843,0,0,0,0,0,0.5662,Ocos,0.0194,0,0,0,San Marcos,0.3925,0.6733,0,1,0,0,0,0,0,0.0843,0,0,0,0,0,0
1219,4,0.3667,0.8,22.5513,1,0.6428,97,0,0.0748,0,1,0.4381,0.4194,0.2932,1,0.2043,0.5,0.6857,0.2975,San Pablo,0,0.0327,0.3651,0.75,San Marcos,0.2678,0.5699,0,0.6084,0.5625,6,0.125,0,0.3333,0.4194,0.1748,1,5,0.1667,0.0451,0.1167
1220,3,0.1,0.25,11.3155,0,0.43,296,0.25,0.0234,0,0,0.0208,0.2256,0,0,0.0781,0.5,0.3393,1,El Quetzal,0,0,0.1545,0.15,San Marcos,0.3671,0.7295,0,1,0.3317,3,0.125,0,0,0.2256,0,1,0,0,0,0.0417
1221,3,0.1,0.45,30.8671,1,0.2143,254,0,0.0434,0,0,0.405,0.2722,0.6095,0,0.2302,0,0.4393,0.3717,La Reforma,0,0,0.0063,0.7,San Marcos,0.3603,0.6664,0.4609,1,0,0,0.125,0,0,0.2722,0.5,0,0,0,0.0318,0.2083
1222,3,0,0.5,100.8919,1,0.4427,197,0,0.146,0,0,0.3954,0.3268,0.1896,0,0.1249,0,0.4643,0.4637,Pajapita,0.0264,0.1902,0,0.75,San Marcos,0.3995,0.665,0.712,1,0,0,0.4583,0,0,0.3268,0.025,1,0,0,0.2219,0.2587
1223,7,1,0.4,29.8846,1,0.8616,8,0.5,0.0642,1,1,0.4703,0.558,0.0119,0,0.5378,0.8889,0.7,0.6079,Ixchiguan,0.0945,0,0.8222,1,San Marcos,0.3604,0.5422,0.7791,1,0.5391,9,0,1,0.6667,0.558,0.4,1,14,0.7,0.5451,0.1333
1224,0,0.1,0.125,21.105,0.6875,0.1831,290,0.5,0.0307,0,0,0.6931,0.2322,0,1,0.0865,0,0.0625,0.5653,San Jose Ojetenam,0,0,0.0063,0.35,San Marcos,0.3846,0.7946,0.866,1,0,0,0.125,0,0,0.2322,0.0667,0,0,0,1,0.0639
1225,4,0.3222,0.25,62.8259,1,0.689,118,0,0.086,0,1,0.321,0.3996,0.0031,0,0.4764,0.75,0.4107,0.7948,San Cristibal Cucho,0.1205,0,0.3384,0.65,San Marcos,0.3543,0.5352,0.7472,0.8979,0.6094,3,0.5417,0.0536,0.5,0.3996,0.3117,0,7,1,0,0.2844
1226,1,0.2667,0.15,408.8397,0.4667,0.3337,251,0,0.3822,0,0,0.2689,0.2747,0,1,0.027,0.8333,0.1464,0.6684,Sipacapa,0.4512,0,0.3517,0,San Marcos,0.5059,0.255,0,1,0.9942,6,0.125,0,0,0.2747,0,1,2,0,0,0.0417
1227,5,0.6333,0.45,55.7486,1,0.2677,51,0,0.0564,1,0,0.6408,0.4835,0.1315,1,0.6017,0.9,0.5821,0.5718,Esquipulas Palo Gordo,0.3207,0,0.7299,0.4,San Marcos,0.4306,0.653,0.847,0.9455,0.5,8,0.25,0.8714,0.5,0.4835,0.5,0,13,0.3667,0.4937,0.2499
1228,1,0.3667,0.275,59.3552,1,0.1193,274,0,0.0282,0,0,0.4676,0.2514,0.0094,1,0.1022,1,0.2089,0.3464,Rio Blanco,0.1309,0,0.2778,0.25,San Marcos,0.3932,0.6721,0.4794,1,0.5,3,0.125,0,0.3333,0.2514,0,0,2,0,0.06,0.0417
1229,2,0.3667,0.55,67.013,0.5217,0.6215,191,0,0.0627,0,1,0.2792,0.332,0,1,0.2125,0,0.4179,0.7077,San Lorenzo,0,0,0.2399,0.4,San Marcos,0.3668,0.6549,0,1,0.1875,0,0,0,0.6667,0.332,0.2,1,13,0,0.0009,0.0666
1301,2,0,0.5,137.5026,0.5349,0.3006,152,0.25,0.274,0,0,0.4339,0.3613,0.148,1,0.327,0.6667,0.3929,0.5032,Huehuetenango,0.0868,0.2944,0.2816,0,Huehuetenango,0.3991,0.4397,0.3392,1,0.5,3,0.25,0,0.5,0.3613,0.3759,1,5,0,0.2049,0.3596
1302,4,0.6519,0.45,44.8963,0.7108,0.6956,9,0,0.143,1,1,0.5183,0.5545,0.1997,1,0.3414,0.6364,0.5107,0.4448,Chiantla,0.0084,0.2502,0.8282,0.7,Huehuetenango,0.3542,0.5288,0.4135,0.9851,0.9432,10,0.375,0.5364,1,0.5545,0.5,1,10,0.3333,0.468,0.4199
1303,2,0.4667,0.65,26.348,0.7576,0.7123,35,0,0.0381,1,1,0.4839,0.5033,0.0447,1,0.5769,0.7778,0.4679,0.3283,Malacatancito,0.0523,0.2181,0.7158,0.7,Huehuetenango,0.3617,0.6241,0.28,1,0.8889,7,0,0.9048,0.6667,0.5033,0.5,1,10,0.5333,0.549,0.2785
1304,3,0.3576,0.65,6.6133,0.6829,0.1189,178,0,0.0206,1,0,0.4087,0.3452,0.2529,1,0.2857,0.6667,0.5393,0.5447,Cuilco,0.0173,0,0.5839,0.05,Huehuetenango,0.2121,0.4309,0.1113,0.5372,0.3077,8,0.125,0,0.6667,0.3452,0.5,0,6,0,0.1379,0.2083
1305,0,0,0.325,9.0204,0.4474,0.1961,319,0,0.0243,0,0,0.3251,0.1673,0.2774,1,0.097,0,0.1625,0.4304,Nenton,0,0,0,0.55,Huehuetenango,0.17,0.3333,0,0.4495,0,0,0.125,0,0,0.1673,0.3252,0,0,0,0,0.15
1306,2,0.4333,0.35,31.8173,0.7143,0.3193,154,0,0.0688,0,0,0.5254,0.3609,0.0911,1,0.2879,1,0.3179,0.9967,San Pedro Necta,0.0092,0,0.5033,0.6,Huehuetenango,0.2978,0.5766,0.7208,0.7426,1,4,0.125,1,1,0.3609,0.48,0,2,0,0.3235,0.2016
1307,1,0.0444,0.3,40.5161,0.0179,0.4327,299,0,0.1168,0,0,0.2109,0.2246,0.0874,1,0.1411,1,0.2214,0.8135,Jacaltenango,0.0041,0,0.1691,0.35,Huehuetenango,0.2239,0.3733,0.0148,0.5409,0,3,0,0,0,0.2246,0.2685,1,2,0,0.0148,0.0895
1308,0,0,0.025,21.1922,0,0.1073,326,0,0.0626,0,0,0.2742,0.1303,0,1,0,0,0.0125,0.5367,Soloma,0.0327,0,0,0,Huehuetenango,0.3879,0.7501,0,0.9885,0,0,0,0,0,0.1303,0,0,0,0,0.4956,0
1309,0,0.1,0.15,11.1153,0.6,0.3718,297,0,0.0392,0,0,0.3203,0.2255,0.1249,1,0.1058,1,0.075,0.759,San Idelfonso Ixtahuacan,0.0213,0,0.1465,0.1,Huehuetenango,0.3727,0.7146,0,1,0.5243,1,0,0,0,0.2255,0.2,1,0,0,0,0.0666
1310,2,0.3667,0.275,22.5074,0.5,0.3333,196,0.25,0.0336,1,0,0.4174,0.327,0.0774,1,0.2342,1,0.2804,1,Santa Barbara,0.0257,0,0.514,0.5,Huehuetenango,0.3606,0.7258,0.3132,0.9205,1,4,0,0,0.3333,0.327,0.169,0,6,0.1667,0.2589,0.0563
1311,3,0,0.175,10.0261,0,0.5379,243,0,0.0289,0,1,0.3296,0.2863,0.0846,1,0.0124,1,0.3018,0.6393,La Libertad,0.0274,0,0.2233,0.55,Huehuetenango,0.3252,0.5062,0.5901,1,0.7431,1,0,1,0,0.2863,0,0,0,0.5,0.1082,0
1312,1,0.1778,0.3,54.2427,0.6957,0.1715,284,0,0.1303,0,0,0.4537,0.2423,0,1,0.0634,0.6,0.2214,0.7576,La Democracia,0.036,0.0261,0.2603,0.1,Huehuetenango,0.2387,0.4659,0.3897,0.4473,0,5,0.125,0,0.3333,0.2423,0.16,0,3,0,0.3894,0.1084
1313,2,0.2778,0.3,28.9437,0.7742,0.5967,83,0,0.0508,1,1,0.5342,0.4366,0.0257,1,0.3465,0.8,0.2929,1,San Miguel Acatan,0.0037,0.1645,0.5284,0.65,Huehuetenango,0.375,0.7218,0.4785,1,0,5,0.125,0.3714,1,0.4366,0.5,0,5,0.3333,0.6312,0.2926
1314,1,0,0.15,33.5689,0.8333,0.59,121,0,0.0383,0,1,0.6779,0.3921,0,1,0.1305,0.7778,0.1464,1,San Rafael La Indepencia,0,0,0.5044,0.45,Huehuetenango,0.3282,0.5262,0.8641,1,0.8079,7,0.25,0.7778,0.3333,0.3921,0.0667,0,10,0.5,1,0.1055
1315,2,0.7933,0.325,25.125,0.4348,0.8367,52,0,0.0473,1,1,0.553,0.4803,0.317,1,0.4459,0.5,0.3054,1,Todos Santos Cuchumatan,0,0,0.7367,0.65,Huehuetenango,0.3703,0.7105,0.6971,1,1,11,0.125,0,0.3333,0.4803,0.115,1,9,0.5333,0.5116,0.08
1316,2,0.4667,0.15,20.3428,1,0.3008,185,0,0.0261,0,0,0.5346,0.3382,0,1,0.263,0.875,0.2179,0.9041,San Juan Atitlan,0,0,0.6167,0.6,Huehuetenango,0.3594,0.687,0.6656,1,0.6877,7,0,0.7143,1,0.3382,0,0,11,0,0.2505,0
1317,2,0.3667,0.3,13.4927,0.5974,0.32,110,0,0.0353,1,0,0.4438,0.4102,0.0599,1,0.2856,0.8571,0.2929,1,Santa Eulalia,0.4025,0,0.6263,0.6,Huehuetenango,0.4643,0.7124,0.2138,1,1,6,0.375,0.6429,0.6667,0.4102,0.5667,0,4,0,0.5388,0.3138
1318,2,0.3667,0.25,26.3524,0.7714,0.7524,86,0,0.0567,0,1,0.4397,0.433,0.1052,1,0.3792,0.7778,0.2679,0.6289,San Mateo Ixtatan,0.0077,0,0.6435,0.6,Huehuetenango,0.3751,0.7131,0.1164,1,0.9091,7,0.25,0.7222,1,0.433,0.1079,1,13,0.5333,0.3869,0.1193
1319,0,0.5444,0.525,24.9637,0.8,0.4459,179,0,0.0471,1,0,0.3811,0.3403,0,1,0.1403,0.8889,0.2625,0.8794,Colotenango,0,0,0.4552,0.35,Huehuetenango,0.3804,0.7564,0.1973,1,0.7805,2,0.25,0,0.6667,0.3403,0.1,1,3,0,0.0815,0.1167
1320,2,0.3667,0.2,6.4442,1,0.5023,70,0,0.0155,0,1,0.6212,0.4549,0.1223,1,0.3097,0.9091,0.2429,0.7614,San Sebastian Huehuetenango,0,0.4,0.6583,0.75,Huehuetenango,0.366,0.7356,0.9892,1,0.6859,10,0.25,0.8831,0.6667,0.4549,0.15,0,10,0,0.2556,0.3384
1321,2,0,0.125,18.6064,0.98,0.1265,307,0,0.014,0,0,0.5239,0.2114,0,1,0.0125,0,0.2054,0.5327,Tectitan,0,0,0,0.1,Huehuetenango,0.379,0.789,0.574,1,0,0,0,0,0,0.2114,0.1,0,0,0,0.3037,0.0333
1322,1,0,0.225,22.0189,0.2083,0.2326,304,0,0.0378,0,0,0.2589,0.2198,0.0783,1,0.0456,0.8571,0.1839,0.9632,Concepcion Huista,0,0,0.2987,0.2,Huehuetenango,0.3444,0.7306,0.0558,0.8598,0,7,0,0,0,0.2198,0,0,5,0,0.0558,0
1323,2,0.6333,0.25,26.94,0.5217,0.5297,58,0,0.0451,1,1,0.4553,0.4734,0.0165,1,0.3714,0.6364,0.2679,0.4986,San Juan Ixcoy,0,0.65,0.6456,0.65,Huehuetenango,0.3669,0.7457,0.6568,0.945,0.2676,7,0.125,0.5455,0.6667,0.4734,0.6,0,11,0.5,0.2857,0.5749
1324,1,0,0.225,25.9788,0.913,0.12,283,0.75,0.0381,0,0,0.4436,0.2436,0.0672,1,0.1041,0.625,0.1839,0.3502,San Antonio Huista,0.0078,0,0.3544,0.25,Huehuetenango,0.2298,0.5118,0.0432,0.5141,0.5385,8,0.125,0,0,0.2436,0.2654,0,4,0,0.0432,0.1301
1325,4,0,0.2,20.6264,0,0.2203,208,0,0.0324,0,0,0.2962,0.3183,0,1,0.0922,1,0.3857,0.5513,San Sebastian Coatan,0.1007,0.1685,0.3594,0.55,Huehuetenango,0.4026,0.7639,0.2997,1,1,2,0.125,1,0.6667,0.3183,0.3537,0,0,0,0.3158,0.2459
1326,0,0,0,13.4908,0,0.1182,323,0.75,0.0612,0,0,0.3083,0.1325,0,1,0,0,0,0.591,Barillas,0,0,0,0,Huehuetenango,0.3687,0.695,0,1,0,0,0,0,0,0.1325,0,0,0,0,0.3407,0
1327,3,0,0.225,25.1987,0.9091,0.4086,206,0,0.0756,0,0,0.5565,0.3187,0.0009,1,0.1032,0,0.3268,0.3929,Aguacatan,0.0129,0.2,0,0.65,Huehuetenango,0.3452,0.5535,1,1,0,0,0.4167,0,0,0.3187,0.1,1,0,0,0.1255,0.2748
1328,0,0.2778,0.3,21.0635,0.8,0.22,227,0,0.0177,0,0,0.5597,0.3005,0.2573,1,0.2813,1,0.15,1,San Rafael Petzal,0.3663,0,0.3791,0.1,Huehuetenango,0.436,0.6397,0.5576,1,0.6545,5,0.125,0.8,0,0.3005,0.05,0,5,0,0.3926,0.0583
1329,1,0.5,0.1,11.0508,1,0.1153,250,0,0.0082,0,0,0.4766,0.2766,0.1755,1,0.1721,0.7273,0.1214,0.5766,San Gaspar Ixchil,0,0,0.5212,0,Huehuetenango,0.3834,0.8188,0.3024,1,0.7848,9,0.125,0,0.3333,0.2766,0,0,8,0,0.0909,0.0417
1330,0,0,0,32.317,0,0.1492,329,0,0.0262,0,0,0.1833,0.1186,0,1,0,0,0,0.7462,Santiago Chimaltenango,0,0,0,0,Huehuetenango,0.3792,0.7689,0,1,0,0,0,0,0,0.1186,0,0,0,0,0,0
1331,0,0,0.3,52.852,0.6042,0.3437,220,0,0.0324,0,0,0.5332,0.3066,0.4424,1,0.1375,0.75,0.15,0.3685,Santa Ana Huista,0,0,0.3501,0.35,Huehuetenango,0.2995,0.5828,0.4614,0.7865,0.4468,6,0.125,0.4792,0.3333,0.3066,0.3641,1,2,0,0.3229,0.163
1332,3,0.5,0.325,27.9135,0.68,0.6619,120,0,0.0413,0,1,0.5283,0.3962,0.0396,1,0.2415,0.75,0.3768,0.3928,Union Cantinil,0.0232,0,0.4249,0.75,Huehuetenango,0.3779,0.7241,0.6433,1,0.5,6,0,0,0.6667,0.3962,0.0217,1,5,0.1667,0.5118,0.0072
1401,2,0.3222,0.6,83.5213,0.7576,0.2301,101,0.25,0.2027,1,0,0.6153,0.4159,0.2159,1,0.289,1,0.4429,0.634,Santa Cruz del Quiche,0.0699,0,0.5721,0.35,Quiche,0.4036,0.5849,0.7131,1,0.9432,6,0.375,0,0.3333,0.4159,0.32,0,7,0.1667,0.518,0.2316
1402,3,0,0.375,46.3793,0.8475,0.0632,209,0,0.0803,0,0,0.62,0.3174,0.2224,1,0.1249,0.75,0.4018,0.1161,Chiche,0.3188,0.1605,0.1507,0.2,Quiche,0.4533,0.7855,0.741,0.8904,0,3,0,0,0,0.3174,0.4,0,2,0,0.5322,0.2156
1403,3,0.6624,0.575,49.8687,0.9,0.5231,32,0,0.052,1,1,0.6566,0.504,0.1944,1,0.4247,1,0.5018,0.499,Chinique,0.0223,0,0.7594,0.45,Quiche,0.3901,0.7566,0.7375,1,0.5455,11,0.125,0.3896,0.3333,0.504,0.4536,0,11,0.6667,0.7153,0.1928
1404,2,0,0.15,15.615,1,0.1096,286,0,0.0362,0,0,0.6951,0.236,0.2394,1,0.0571,0,0.2179,0.5482,Zacualpa,0.0008,0,0,0,Quiche,0.3349,0.6214,0.8554,0.9396,0,0,0.125,0,0,0.236,0.05,0,0,0,0.6545,0.0583
1405,3,0.0889,0.175,24.9915,0.8977,0.1418,182,0.25,0.0622,1,0,0.6796,0.3389,0.1303,1,0.1147,1,0.3018,0.359,Chajul,0.0784,0,0.4159,0.35,Quiche,0.391,0.7021,0.7759,1,0,3,0.125,0,0.6667,0.3389,0.1851,0,6,0,0.7666,0.1034
1406,1,0,0.15,30.1342,0.9148,0.1079,295,0,0.1173,0,0,0.525,0.2259,0.0967,1,0.0804,0,0.1464,0.5393,Chichicastenango,0.0242,0.25,0,0,Quiche,0.3998,0.7391,0.7211,1,0,0,0.125,0,0,0.2259,0.02,0,0,0,0.1138,0.1765
1407,0,0.5533,0.25,16.929,0.8125,0.6201,87,0,0.009,1,1,0.6637,0.4323,0.1424,1,0.327,0.8,0.125,0.4338,Patzit,0,0,0.7098,0.5,Quiche,0.3951,0.8676,0.8687,1,0.7875,10,0,0,0.3333,0.4323,0.2399,1,11,0.1667,0.7715,0.08
1408,3,0.5889,0.3,74.997,0.8378,0.1007,136,0,0.0963,0,0,0.5692,0.3785,0.2051,1,0.4625,0.8333,0.3643,0.3037,San Antonio Ilotenango,0.2914,0.1648,0.4453,0.2,Quiche,0.2901,0.2987,0.5129,0.6094,0.7179,5,0.375,0,0.6667,0.3785,0.8762,0,7,0,0.5129,0.5015
1409,1,0,0.1,7.128,0.4667,0.388,289,0,0.0151,0,0,0.376,0.2324,0.021,1,0.0687,0,0.1214,0.79,San Pedro Jocopilas,0,0,0,0.15,Quiche,0.3338,0.6467,0.047,0.9375,0,0,0.125,0,0,0.2324,0.4,1,0,0,0.5127,0.175
1410,2,0.6741,0.675,26.1506,0.6953,0.8999,31,0,0.0658,0,1,0.4956,0.5071,0.0961,1,0.4854,0.8889,0.4804,0.6494,Cunen,0.0356,0,0.4537,0.85,Quiche,0.3956,0.7649,0.7719,1,0,9,0.5417,0,0,0.5071,0.4107,1,11,1,0.1227,0.3174
1411,0,0,0,53.8104,0.7037,0.0847,318,0,0.0834,0,0,0.5286,0.1682,0.0966,1,0.0142,0,0,0.4237,San Juan Cotzal,0.0737,0,0,0,Quiche,0.3957,0.6895,0.8123,1,0,0,0,0,0,0.1682,0,0,0,0,0.2535,0
1412,1,0.1,0.15,16.8135,0.96,0.176,226,0,0.0466,0,0,0.6244,0.3012,0.1071,1,0.1325,0.9,0.1464,0.4799,Joyabaj,0,0,0.4244,0.4,Quiche,0.3826,0.7711,0.7428,1,0.2848,9,0.125,0,0.3333,0.3012,0.036,0,4,0,0.5769,0.0537
1413,2,0.2333,0.225,19.7426,1,0.1229,248,0,0.0732,0,0,0.5197,0.2813,0.1408,1,0.1847,1,0.2554,0.4146,Nebaj,0.0016,0.0208,0.2772,0.2,Quiche,0.3026,0.5398,0.5127,0.82,0,2,0.25,0,1,0.2813,0.3487,0,2,0,0.1566,0.2102
1414,2,0.6067,0.25,25.7143,0.7368,0.2802,123,0,0.044,1,0,0.4602,0.39,0.055,1,0.3836,0.9,0.2679,0.6677,San Andres Sajcabaja,0.0451,0.1014,0.6652,0.2,Quiche,0.3196,0.6377,0.3542,0.7736,0.2417,10,0.25,0,0.6667,0.39,0.635,0,6,0.5333,0.3542,0.3469
1415,1,0.3,0.225,54.4892,0.9003,0.7603,34,0.25,0.1216,1,1,0.6519,0.5038,0.1275,1,0.4934,0.875,0.1839,0.6017,Uspantan,0.1834,0.1818,0.7175,0.2,Quiche,0.4435,0.7431,0.753,1,0.8695,8,0,0,0.6667,0.5038,0.5174,1,14,1,0.6388,0.2656
1416,3,0.7422,0.25,38.8079,0.5692,0.8233,65,0.25,0.0941,1,1,0.5205,0.4613,0.1179,1,0.3973,1,0.3393,0.4664,Sacapulas,0.0101,0.0377,0.6096,0.65,Quiche,0.3403,0.5071,0.5488,1,0,10,0,0,0,0.4613,0.3457,1,10,1,0.4689,0.1345
1417,2,0.2333,0.2,4.9279,1,0.0731,270,0,0.0076,0,0,0.4368,0.2569,0.0744,1,0.2238,1,0.2429,0.3655,San Bartolome Jocotenango,0,0,0.2363,0,Quiche,0.3558,0.6993,0.1974,1,0,4,0.125,0,0,0.2569,0.4648,0,5,0,0.0977,0.1965
1418,3,0.74,0.2,40.7865,0.5294,0.1242,219,0,0.0466,0,0,0.4206,0.307,0.0933,1,0.2968,0.6,0.3143,0.2546,Canilla,0,0.1639,0.3665,0.2,Quiche,0.3048,0.6101,0.3368,0.7726,0,8,0.125,0,0,0.307,0.5578,0,6,0.1667,0.3184,0.3116
1419,3,0.2667,0.275,16.3101,0.54,0.3389,230,0,0.0351,0,0,0.462,0.2952,0.1008,1,0.1414,1,0.3518,0.361,Chicaman,0.3162,0,0.2228,0,Quiche,0.2096,0.4378,0.5525,0.1259,0,2,0.125,0,0.3333,0.2952,0.4333,1,5,0.3333,0.3089,0.1861
1420,1,0.3556,0.375,42.6526,0.7105,0.45,176,0.5,0.1254,0,0,0.4352,0.3457,0.0318,1,0.281,1,0.2589,1,Playa Grande Ixcan,0.0159,0.0827,0.3833,0.25,Quiche,0.2945,0.6001,0.1175,0.6165,0.9286,4,0.4167,0.6944,0,0.3457,0.2121,1,6,0,0.2812,0.252
1421,3,0.2333,0.175,93.718,0.9878,0.1746,236,0,0.0578,0,0,0.5851,0.2914,0.02,1,0.2234,0.5,0.3018,0.3732,Pachalum,0.2132,0,0.1675,0.5,Quiche,0.4415,0.7482,0.7953,1,0,3,0.125,0,0,0.2914,0.1083,0,4,0,0.3848,0.0778
1501,3,0.4879,0.55,148.7924,0.9231,0.6565,11,0.25,0.219,1,1,0.5629,0.5514,0.0495,1,0.4081,1,0.4893,0.5823,Salama,0.042,0.2,0.8524,0.7,Baja Verapaz,0.4211,0.6619,0.817,0.9758,0.9545,11,0.25,0.7727,0.6667,0.5514,0.4216,0,11,1,0.1586,0.3264
1502,3,0.2133,0.1,34.0782,0,0.6097,124,0,0.0506,0,1,0.3731,0.3886,0.0748,1,0.192,0.8333,0.2643,0.9152,San Miguel Chicaj,0.0037,0,0.4387,0.5,Baja Verapaz,0.3754,0.7208,0.7796,1,0.7083,5,0.375,0,0.6667,0.3886,0.4367,0,9,0.6333,0.1678,0.2705
1503,0,0.5364,0.35,60.3492,1,0.3178,80,0,0.1036,1,0,0.5229,0.4389,0.3039,1,0.4995,0.8333,0.175,0.4225,Rabinal,0.0482,0.5624,0.881,0,Baja Verapaz,0.2663,0.6006,0.4175,0.4485,0.8374,11,0,1,1,0.4389,0.546,1,10,0.1667,0.0772,0.4704
1504,2,0.2667,0.35,47.7893,0.5,0.4988,150,0,0.1024,0,0,0.4248,0.3618,0.0951,1,0.1388,1,0.3179,0.7104,Cubulco,0,0,0.4058,0.45,Baja Verapaz,0.3724,0.6484,0.6019,1,0,6,0.125,0,0.6667,0.3618,0.3282,1,8,0.3333,0.1034,0.151
1505,5,0.4185,0.225,277.2066,0.6667,0.4857,74,0,0.1291,1,0,0.4565,0.4492,0.0897,1,0.3073,1,0.4696,0.412,Granados,0.0013,0,0.6662,0.65,Baja Verapaz,0.4219,0.7131,0.5436,1,0.4259,9,0.125,0,0.6667,0.4492,0.4606,1,8,0.3667,0.174,0.1952
1506,6,0.7933,0.45,87.7227,0.5526,0.4976,38,0,0.0524,1,0,0.3857,0.5004,0.0592,1,0.4383,0.8,0.6536,0.3045,El Chol,0.0056,0.1098,0.7607,0.65,Baja Verapaz,0.3983,0.79,0.393,1,0.5442,10,0.25,0.56,0.6667,0.5004,0.5,1,9,0.5333,0.0888,0.3062
1507,3,0.703,0.25,50.9269,0.875,0.7784,72,0,0.0849,1,1,0.4359,0.4498,0.1199,1,0.435,0.625,0.3393,0.3918,San Jeronimo,0.0638,0,0.6005,0.5,Baja Verapaz,0.3827,0.6477,0.36,0.9935,0.3734,8,0,0.625,0,0.4498,0.487,1,10,1,0.0015,0.1623
1508,1,0.6714,0.425,21.0155,1,0.5856,47,0,0.0504,1,1,0.5431,0.489,0.0767,1,0.4032,0.9167,0.2839,0.6779,Purulha,0.1158,0.1132,0.8021,0.25,Baja Verapaz,0.4165,0.7905,0.7934,1,0.7232,11,0.25,0.5,0.6667,0.489,0.4845,0,9,1,0.0786,0.3028
1601,6,0.6333,0.55,146.6488,0.7763,0.7065,7,0,0.3735,1,0,0.2006,0.5708,0.2703,0,0.6119,0.9167,0.7036,0.7825,Coban,0.0779,0.288,0.9442,0.75,Alta Verapaz,0.425,0.4544,0,1,0.8385,12,0.375,0.9417,1,0.5708,0.5174,1,13,1,0,0.4451
1602,4,0.5444,0.5,28.7168,0.4407,0.6947,12,0,0.0796,1,1,0.3011,0.5499,0.1602,1,0.5268,1,0.5357,0.4235,Santa Cruz Verapaz,0.0493,0.25,0.8877,0.35,Alta Verapaz,0.3919,0.7173,0.0066,1,0.8355,12,0.5,1,0.6667,0.5499,0.5811,1,11,0.7,0.0066,0.4885
1603,2,0.7141,0.325,52.4746,0.2794,0.761,106,0.5,0.1567,0,1,0.3177,0.4123,0.1011,0,0.2368,0.4545,0.3054,0.7215,San Cristobal Verapaz,0.0593,0.0001,0.678,0.75,Alta Verapaz,0.2897,0.3711,0.5022,0.7528,0.5985,11,0.125,0.4545,1,0.4123,0.2415,1,9,0.3333,0.6054,0.1222
1604,3,0.8788,0.575,92.1552,0.5778,0.7665,16,0,0.1695,1,1,0.3481,0.542,0.1781,1,0.5763,0.9091,0.5018,0.4323,Tactic,0.0397,0.2,0.8922,0.7,Alta Verapaz,0.3977,0.622,0.0558,1,0.9318,11,0.25,1,0.6667,0.542,0.4795,1,12,0.7,0.0558,0.3457
1605,1,0.3222,0.275,45.074,1,0.2318,177,0,0.0772,1,0,0.511,0.3454,0.0694,1,0.2144,0.6,0.2089,0.759,Tamahu,0.0289,0,0.6036,0.4,Alta Verapaz,0.3951,0.7475,0.3528,1,0.9067,9,0,0.25,0,0.3454,0.366,0,7,0,0.3528,0.122
1606,4,0.3667,0.175,0,0,0.5159,262,0,0,0,0,0,0.2647,0,0,0.3812,0.4286,0.3732,0.5464,Tucura,0,0,0.5158,0.2,Alta Verapaz,0,0,0,0,0.0714,7,0.4167,0.4286,1,0.2647,0.1326,1,12,0.8333,0,0.1831
1607,5,0.6333,0.225,29.6227,1,0.792,49,0.5,0.0841,1,1,0.4742,0.487,0.1132,1,0.4321,1,0.4696,0.21,Panzos,0.2079,0,0.8222,0.75,Alta Verapaz,0.2711,0.6086,0.1132,0.3104,0.5455,11,0.125,0.0909,1,0.487,0.1535,1,11,1,0.1132,0.0928
1608,5,0,0.225,15.8336,1,0.3616,242,0,0.0208,0,0,0.4261,0.2865,0.149,1,0.1156,0,0.4696,0.3578,Senaha,0.0398,0,0,0.65,Alta Verapaz,0.2117,0.3481,0.149,0.5945,0,0,0.25,0,0,0.2865,0.5,0,0,0.8,0,0.2499
1609,6,0.5889,0.475,54.7762,0.9302,0.7167,4,0,0.3497,1,1,0.5358,0.6048,0.2845,1,0.3712,0.8333,0.6661,1,San Pedro Carcha,0.1298,0.1508,0.7978,0.95,Alta Verapaz,0.4129,0.4198,0.4898,1,0.6486,11,0.6667,0.7083,0.6667,0.6048,0.6,0,9,0.6333,0.1682,0.4995
1610,3,0.663,0.925,42.327,0.5152,0.4367,42,0,0.1251,1,0,0.2947,0.4936,0.0414,1,0.4029,0.9231,0.6768,1,San Juan Chamelco,0.053,0.0482,0.8502,0.55,Alta Verapaz,0.3872,0.6356,0.0326,1,0.7385,12,0.5,0.7912,0.6667,0.4936,0.3735,0,9,0.6333,0.0111,0.3158
1611,0,0.1444,0.325,110.189,0.0625,0.1672,310,0,0.101,0,0,0.0578,0.1916,0.0424,0,0.1893,1,0.1625,0.5361,Lanquin,0.0164,0,0.2218,0.3,Alta Verapaz,0.3097,0.3157,0.2029,1,0,3,0.2917,0.6,0,0.1916,0.4,0,3,0,0,0.2305
1612,3,0.3519,0.325,31.3257,0.8636,0.29,233,0,0.0739,0,0,0.1772,0.2922,0.074,0,0.2916,0.2222,0.3768,1,Cahabon,0.0826,0.0681,0.4081,0.45,Alta Verapaz,0.2996,0.4885,0.0138,0.7548,0.8389,9,0,0,0,0.2922,0.5,0,4,0,0.0022,0.2016
1613,3,0.7515,0.325,61.0614,0.6429,0.4409,94,0.25,0.1867,1,0,0.2664,0.4212,0.161,0,0.3076,0.8333,0.3768,0.7044,Chisec,0.0234,0.0083,0.7712,0,Alta Verapaz,0.3694,0.6273,0.3582,0.8699,0.9199,11,0.375,0,0.6667,0.4212,0.5206,1,7,0.5,0.1489,0.3028
1614,7,0.3182,0.5,29.0308,0.4,0.8584,10,0.25,0.0328,1,1,0.3437,0.5538,0.2345,1,0.3293,0.9091,0.75,0.9919,Chahal,0.0173,0.038,0.7911,0.8,Alta Verapaz,0.3844,0.7682,0.0856,1,0.9286,11,0.375,0.5195,0.6667,0.5538,0.1525,1,8,0.5,0,0.1953
1615,5,0.9778,0.9,50.1202,0.5192,0.6207,2,0.75,0.1801,1,0,0.6347,0.6302,0.3442,1,0.4949,0.8462,0.8071,0.6201,Fray Bartolome de las Casas,0.0262,0.2669,0.8699,0.85,Alta Verapaz,0.4061,0.6867,0.7149,1,0.9026,12,0.4167,0.3365,0.6667,0.6302,0.5,1,11,0.6333,0.4825,0.4424
1616,6,0.5714,0.225,11.7648,1,0.7893,61,0,0.0279,1,1,0.3373,0.4694,0.2644,0,0.3024,0.875,0.5411,0.9966,La Tinta,0,0,0.6736,0.95,Alta Verapaz,0.3178,0.6088,0.2644,0.8806,0.0625,8,0.25,0.1429,1,0.4694,0.2223,0,10,1,0.2644,0.1574
1617,5,0.8963,0.4,43.4459,0.7273,0.7898,18,0.75,0.0566,1,1,0.2292,0.5299,0.0687,0,0.4805,1,0.5571,0.5488,Raxruha,0.0218,0.2799,0.8593,0.9,Alta Verapaz,0.2872,0.2934,0.101,1,0.9236,12,0.6667,0.7292,0.3333,0.5299,0.2723,1,11,0.5,0,0.4565
1701,2,0.2667,0.975,136.8067,1,0.55,95,0.5,0.2124,0,0,0.4557,0.4209,0,1,0.1491,1,0.6304,1,Flores,0.1066,0.25,0.1703,0.75,Peten,0.3216,0.4654,0.1293,0.6295,0,1,0.7083,1,0,0.4209,0.1,1,0,0,0.1293,0.3976
1702,1,0.2667,0.45,469.0395,1,0.4316,128,0.5,0.0685,0,0,0.6869,0.3873,0.113,1,0.0416,1,0.2964,0.3582,San Jose,0,0,0.5063,0.8,Peten,0.336,0.2866,0.409,1,0,12,0,0,0.6667,0.3873,0.2,1,0,0,0.9778,0.0666
1703,3,0.1,0.225,131.7423,0.5278,0.45,214,0.75,0.2583,0,0,0.5749,0.3125,0.4573,1,0.1297,1,0.3268,1,San Benito,0.1221,0,0.0974,0.25,Peten,0.426,0.6552,0.5811,0.8726,0,1,0,0,0,0.3125,0,1,0,0,0.1485,0
1704,1,0.0444,0.225,63.6954,0.2813,0.3579,293,0.75,0.0706,0,0,0.3968,0.2306,0,1,0,1,0.1839,0.7895,San Andres,0.0953,0,0.1512,0,Peten,0.2935,0.5876,0.271,0.5807,0,3,0,0,0,0.2306,0,1,0,0,0.271,0
1705,3,0,0.4,67.9068,0.9767,0.249,234,0,0.1482,0,0,0.4729,0.2921,0,1,0.0505,1,0.4143,0.8448,La Libertad,0.1779,0,0.2844,0.4,Peten,0.3189,0.5872,0.5572,0.5117,0.625,3,0,0,0.3333,0.2921,0.04,0,4,0,0.0454,0.0133
1706,2,0.2667,0.675,191.512,0.8378,0.55,125,0,0.1355,0,0,0.578,0.3884,0.1669,1,0.1177,0.5,0.4804,1,San Francisco,0.1434,0,0.2352,0.75,Peten,0.4202,0.6714,0.5633,0.9096,0.625,2,0,0,0,0.3884,0.2,1,8,0,0.5552,0.0666
1707,2,0.4,0.725,154.5392,0,0.8533,109,0.5,0.1895,0,1,0.3076,0.4103,0.3831,1,0.2722,1,0.5054,1,Santa Ana,0.0814,0,0.4676,0.8,Peten,0.3282,0.44,0,0.7391,0.0625,8,0,0.75,0,0.4103,0,1,11,0.4667,0,0
1708,1,0.2,0.3,20.5008,1,0.5135,93,0,0.0307,1,0,0.5647,0.4219,0.0521,1,0.4002,0.4348,0.2214,0.6675,Dolores,0.1889,0.0096,0.766,0.9,Peten,0.2979,0.6501,0.8298,0.4929,0.7826,10,0.125,0.4348,1,0.4219,0.364,1,10,0,0.1893,0.1679
1709,4,0.1,1,28.3754,1,0.7651,5,0.75,0.0504,0,1,0.8063,0.5949,0.2011,1,0.417,0.8,0.7857,0.7089,San Luis,0.0606,0,0.518,0.95,Peten,0.3806,0.7886,0.8208,0.8842,0.56,4,0.5,1,1,0.5949,0.4407,1,12,0.1667,1,0.3135
1710,2,0,0.175,61.8294,0.4444,0.1861,285,0,0.1497,0,0,0.2706,0.24,0.0024,1,0.0751,1,0.2304,0.7804,Sayaxche,0.0623,0,0.269,0.15,Peten,0.3758,0.6524,0.0024,0.8702,1,3,0.125,0,0,0.24,0.2,0,3,0,0.0265,0.1083
1711,3,0.1,0.175,175.165,0.5778,0.43,212,0.75,0.1419,1,0,0.4953,0.3147,0.0983,1,0.077,1,0.3018,1,Melchor de Mencos,0.0409,0,0.3148,0.15,Peten,0.3465,0.7447,0.3336,0.5831,0.375,3,0,0,0,0.3147,0,1,0,0,0.3336,0
1712,6,0,0.25,85.3906,1,0.8233,17,0.75,0.28,0,1,0.6792,0.5311,0.0598,1,0.25,0,0.5536,1,Poptun,0.0655,0.25,0.3208,0.95,Peten,0.3483,0.4678,0.2937,0.7633,0.4097,3,0.5417,0,1,0.5311,0.4581,1,8,0.1667,1,0.4614
1713,3,0.2667,0.35,25.8846,1,0.1729,190,0,0.0178,0,0,0.5721,0.334,0.018,1,0.0774,1,0.3893,0.5145,Las Cruces,0.032,0,0.3482,0.35,Peten,0.413,0.8985,1,1,0.6,4,0.125,0,0.5,0.334,0.2,0,4,0,0.0994,0.1083
1801,4,0.66,0.25,148.1895,1,0.69,15,0.5,0.3336,0,0,0.7476,0.543,0.6527,1,0.5276,0.9091,0.4107,1,Puerto Barrios,0.1703,0.25,0.702,0.45,Izabal,0.3594,0.5184,0.451,0.5299,0.5455,10,0.4167,0.404,1,0.543,0.2428,1,13,1,0.6321,0.348
1802,3,0,0.25,56.306,1,0.3576,168,0,0.1054,0,0,0.5905,0.3509,0.2513,1,0.2459,0,0.3393,0.4881,Livingston,0.5912,0.25,0.0982,0.3,Izabal,0.4048,0.5318,0.6744,0.5592,0,0,0.25,0,0,0.3509,0.3099,1,11,0,0.2513,0.3148
1803,3,0,0.25,44.9838,1,0.3744,228,0,0.1029,0,0,0.5382,0.2998,0.156,1,0.0835,0,0.3393,0.5221,El Estor,0.1326,0.25,0,0.35,Izabal,0.3855,0.6734,0.5965,0.8762,0,0,0,0,0,0.2998,0.1,1,0,0,0.156,0.1615
1804,4,0.7333,0.25,136.9472,1,0.49,21,0.75,0.4388,1,0,0.6565,0.5253,0.3236,1,0.4808,0.5,0.4107,1,Morales,0.0593,0.3078,0.6882,0.45,Izabal,0.3876,0.3785,0.5361,0.8465,0.3441,8,0.5833,0.7375,0.5,0.5253,0.5,1,13,0,0.3236,0.5189
1805,3,0.6333,0.25,47.4703,1,0.27,77,0,0.058,1,0,0.5993,0.4467,0.1843,1,0.3493,0.8333,0.3393,0,Los Amates,0.0302,0.25,0.7067,0.35,Izabal,0.3448,0.6512,0.7754,0.874,0.5208,6,0.375,0.5952,1,0.4467,0.5,1,12,0,0.2771,0.4198
1901,1,0,0.275,106.0901,1,0.27,282,0,0.3477,0,0,0.5458,0.2439,0.1727,1,0.0587,0,0.2089,1,Zacapa,0.0968,0,0,0.35,Zacapa,0.3495,0.5985,0.6551,0.4894,0,0,0.1667,0,0,0.2439,0.1,0,0,0,0.1192,0.0889
1902,2,0.4778,0.5,188.207,0.7164,0.5339,63,0,0.1267,1,1,0.4548,0.4683,0.1564,1,0.4191,0.7778,0.3929,0.4694,Estanzuela,0.2475,0.1411,0.6316,0.2,Zacapa,0.4409,0.6599,0.47,0.9119,0.2176,8,0.25,0.5714,0.5,0.4683,0.6,1,9,0,0.1105,0.3556
1903,5,0,0.6,126.5081,0.6889,0.4306,114,0,0.0671,0,0,0.5343,0.404,0.1794,1,0.1791,0,0.6571,0.4031,Rio Hondo,0.1216,0.375,0,0.75,Zacapa,0.3946,0.6094,0.7416,1,0,0,0.125,0,0,0.404,0.5205,1,0,0,0.2732,0.4074
1904,1,0.1,0.3,100.0168,1,0.271,281,0,0.2208,0,0,0.3243,0.2449,0.1106,0,0.2047,0,0.2214,0.9049,Gualan,0.146,0,0.0063,0.45,Zacapa,0.3106,0.4514,0.5277,0.554,0,0,0.375,0,0,0.2449,0.6328,0,0,0,0.111,0.3359
1905,4,0,0.9,136.2081,1,0.54,24,0,0.1391,0,1,0.5705,0.523,0.3934,1,0.4715,1,0.7357,1,Teculutan,0.104,0.125,0.4217,0.7,Zacapa,0.4032,0.639,0.4641,0.939,0.3667,5,0.7083,0.3333,0.5,0.523,0.5,0,11,0,0.1854,0.4668
1906,7,0,0.375,107.2601,1,0.3925,85,0,0.0964,0,0,0.559,0.4346,0.2647,1,0.1861,1,0.6875,0.8125,Usumatlan,0.2197,0.0785,0.1961,0.15,Zacapa,0.4407,0.6887,0.632,1,0,3,0.375,0.3333,0,0.4346,0.5,1,3,0,0.1059,0.3319
1907,2,0.1,0.475,38.2493,1,0.2677,157,0,0.0324,0,0,0.6666,0.3574,0.3653,1,0.2272,0.6667,0.3804,0.5883,Cabañas,0,0,0.2703,0.75,Zacapa,0.3843,0.7822,0.7935,1,0.2727,5,0,0,0,0.3574,0.5248,0,6,0,0.4133,0.1749
1908,5,0,0.775,96.1273,0.3684,0.4265,134,0,0.0372,0,0,0.42,0.3814,0.0783,1,0.0854,1,0.7446,0.4324,San Diego,0.1583,0,0.186,0.7,Zacapa,0.3446,0.3933,0.6353,1,0,4,0,0,0,0.3814,0.5,1,1,0,0.195,0.1666
1909,6,0.1,0.8,18.8835,0.2222,0.2907,116,0.75,0.0408,0,0,0.606,0.4023,0.5835,1,0.2001,1,0.8286,0.9533,La Union,0.1901,0,0.2358,0.5,Zacapa,0.3751,0.581,0.7399,0.9479,0,4,0,0.125,0,0.4023,0.2332,0,5,0,0.3165,0.0777
1910,0,0.1444,0.625,134.9584,1,0.3092,170,0,0.0446,0,0,0.6538,0.3501,0.6629,1,0.2435,0.8,0.3125,0.1626,Huite,0.0408,0,0.2562,0.75,Zacapa,0.4066,0.7708,0.774,1,0.1,4,0,0.6,0,0.3501,0.4867,0,4,0.6333,0.0128,0.1622
2001,2,0.6148,0.5,95.4195,1,0.43,68,0,0.4126,1,0,0.5924,0.4576,0.1928,1,0.357,0.1667,0.3929,1,Chiquimula,0.1125,0,0.6269,0.15,Chiquimula,0.4636,0.5824,0.5022,0.9933,0.5392,9,0.25,0.4583,0,0.4576,0.4705,1,13,0,0.5022,0.2401
2002,1,0.4704,0.175,116.3878,0.4848,0.2257,217,0,0.0693,1,0,0.3678,0.3105,0.0327,1,0.2591,0.7778,0.1589,0.5786,San Jose La Arada,0.3264,0.1642,0.5245,0.55,Chiquimula,0.4684,0.7205,0.2413,1,0.2981,9,0,0.1429,0,0.3105,0.1,0,3,0,0.2413,0.1175
2003,3,0.4111,0.2,40.4042,0.9,0.1729,201,0,0.0294,1,0,0.4117,0.324,0.1026,1,0.2883,1,0.3143,0.2643,San Juan Ermita,0.2269,0.0853,0.5707,0.6,Chiquimula,0.3975,0.5954,0.1298,1,0.381,5,0,0,1,0.324,0.1,0,6,0,0.0953,0.0771
2004,1,0.6,0.55,20.1664,0.7368,0.4034,88,0,0.06,1,0,0.4342,0.4317,0.0459,1,0.4559,0.5,0.3464,0.667,Jocotan,0.2714,0.0737,0.6506,0.35,Chiquimula,0.3558,0.505,0.2887,0.812,0.9762,6,0.6667,1,0.3333,0.4317,0.4192,1,10,0,0.2887,0.3997
2005,1,0.5,0.625,13.4131,0.7963,0.5013,90,0,0.0471,1,1,0.4597,0.4258,0.0734,1,0.3665,1,0.3839,0.7901,Camotan,0.0248,0.1952,0.6027,0.55,Chiquimula,0.3406,0.5782,0.355,0.9759,1,4,0,1,0.3333,0.4258,0.5,0,8,0.1667,0.2697,0.2667
2006,2,0.4222,0.5,39.1757,0.76,0.2823,164,0,0.0386,0,0,0.3924,0.3538,0.1025,1,0.501,1,0.3929,0.2116,Olopa,0.4775,0.0693,0.3857,0.2,Chiquimula,0.3128,0.4898,0.1956,0.3724,0.2852,6,0.5417,0,0,0.3538,0.4214,1,11,0,0.0644,0.3565
2007,3,0.3222,0.475,203.4038,0.3478,0.7624,84,0,0.4675,0,1,0.3223,0.4352,0.1783,1,0.2809,1,0.4518,0.6619,Esquipulas,0.1684,0.125,0.5316,0.65,Chiquimula,0.3204,0.3224,0.0817,0.3596,0.8022,7,0.375,0.4857,0.5,0.4352,0.1,1,9,0.5,0.1189,0.2224
2008,2,0.2889,0.25,92.8954,0.5652,0.3191,237,0,0.0631,0,1,0.4009,0.2906,0.0808,1,0.2662,0.5,0.2679,0.4457,Concepcion Las Minas,0.1365,0.25,0.1066,0.15,Chiquimula,0.3043,0.4857,0.4285,0.69,0,2,0.25,0,0,0.2906,0.4,0,0,0,0.0979,0.3448
2009,3,0,0.225,102.9309,0.6458,0.2084,198,0,0.1755,0,0,0.349,0.3261,0.2178,1,0.4235,1,0.3268,0.4756,Quetzaltepeque,0.0366,0.25,0.4412,0.2,Chiquimula,0.3446,0.5658,0,0.7849,0.9571,5,0.375,0.76,0.5,0.3261,0.1,0,4,0.3667,0.002,0.2865
201,1,0,0.25,238.4636,0.9375,0.0816,303,0,0.0956,0,0,0.5705,0.2202,0.3044,1,0.0604,0,0.1964,0.3581,Guastatoya,0.044,0,0,0.05,El Progreso,0.431,0.7646,0.5538,1,0,0,0.125,0,0,0.2202,0,0,0,0,0.2628,0.0417
2010,2,0.5444,0.175,48.4516,0.7419,0.7627,104,0,0.0246,0,1,0.3977,0.4134,0.0847,1,0.5004,1,0.2304,0.6133,San Jacinto,0.0065,0.25,0.6234,0.5,Chiquimula,0.241,0.543,0.1639,0.5392,0.0455,11,0.125,0.8909,0.5,0.4134,0.1667,1,10,0.7,0.1639,0.2254
2011,1,0.3286,0.225,345.0043,0.82,0.0662,246,0,0.1496,0,0,0.4835,0.2841,0.1529,1,0.2401,0.7143,0.1839,0.1311,Ipala,0.5209,0.25,0.3259,0.2,Chiquimula,0.3999,0.4983,0.3282,0.425,0.1657,7,0.25,0,0,0.2841,0.1,0,5,0,0.3094,0.2449
202,5,0.3222,0.55,81.9794,0.8,0.3025,111,0,0.0547,0,1,0.6053,0.4074,0.4267,1,0.2437,1,0.6321,0.3459,Morazan,0.0499,0.0471,0.3795,0,El Progreso,0.33,0.4353,1,1,0,6,0,0,0.5,0.4074,0.5117,0,7,0.1667,0,0.1947
203,2,0.4667,0.675,25.8025,0.2881,0.1386,259,0,0.0523,0,0,0.3498,0.2673,0.1228,1,0.2749,0,0.4804,0.5928,San Agustin Acasaguastan,0.037,0.0517,0.2204,0.1,El Progreso,0.2754,0.2378,0.4756,1,0,2,0.125,0,0.5,0.2673,0.2138,0,8,0,0,0.1394
204,4,0.5556,0.5,133.3344,1,0.5288,23,0,0.0629,1,0,0.6042,0.5237,0.128,1,0.4402,0.2727,0.5357,0.4442,San Cristobal Acasaguastlan,0.0917,0.25,0.6761,0.4,El Progreso,0.4191,0.7525,0.7721,1,0.0455,10,0.25,0.9091,0.5,0.5237,0.5,1,10,0.8,0.373,0.3781
205,3,0.1,0.375,51.047,0.4737,0.2037,309,0,0.0417,0,0,0.2269,0.2055,0.1858,0,0.1125,0,0.4018,0.5185,El Jicaro,0.0057,0,0.033,0.5,El Progreso,0.3675,0.768,0.5453,0.9047,0,0,0,0,0,0.2055,0,0,3,0,0,0
206,2,0.1,0.475,1096.6627,0.375,0.0595,207,0.25,0.3422,0,0,0.3262,0.3184,0.0183,1,0.2535,0.7778,0.3804,0.2475,Sansare,0,0,0.4131,0.05,El Progreso,0.4173,0.1157,0.2565,0.881,0.5,9,0.375,0,0,0.3184,0.566,0,6,0,0.0128,0.3136
207,1,0,0.5,43.8475,1,0.123,279,0,0.0872,0,0,0.4933,0.2485,0.1935,1,0.122,0,0.3214,0.4151,Sanarate,0,0,0,0.2,El Progreso,0.3038,0.4389,0.3788,0.9095,0,0,0.25,0,0,0.2485,0.4982,0,0,0,0.0844,0.2494
208,1,0,0.825,281.5038,0.1,0.1262,294,0,0.1927,0,0,0.3058,0.2274,0.0674,1,0.0447,0,0.4839,0.3311,San Antonio La Paz,0.001,0.0545,0,0.3,El Progreso,0.3557,0.4386,0.439,0.8951,0,0,0,0,0,0.2274,0.1946,0,0,0,0.0497,0.0928
2101,1,0.2444,0.25,81.02,0.4,0.4335,193,0.25,0.3237,0,0,0.322,0.3306,0.2026,1,0.1488,0.5385,0.1964,0.6673,Jalapa,0.2071,0,0.4816,0.5,Jalapa,0.4449,0.5518,0.0028,0.9335,0,12,0.125,0.4231,0,0.3306,0.191,1,7,0,0.0016,0.1053
2102,0,0,0,24.909,0,0.44,311,0,0.0842,0,0,0.1833,0.1886,0,1,0.0227,1,0,1,San Pedro Pinula,0.0006,0,0.109,0.2,Jalapa,0.3991,0.7998,0,1,0,1,0,0,0,0.1886,0,1,2,0,0,0
2103,2,0.1444,0.225,108.7102,1,0.3136,204,0,0.1542,0,0,0.47,0.3223,0.1203,1,0.1697,0.7143,0.2554,0.4182,San Luis Jilotepeque,0.7949,0,0.2434,0.15,Jalapa,0.6095,0.7562,0.2938,1,0,6,0.125,0,0,0.3223,0,1,2,0,0.1283,0.0417
2104,2,0.1,0.175,45.6582,1,0.3533,211,0,0.0267,0,0,0.5047,0.3159,0.1171,1,0.2366,0.875,0.2304,0.6167,San Manuel Chaparron,0,0,0.4122,0.15,Jalapa,0.3533,0.6448,0.5308,1,0.5486,7,0.125,0.875,0,0.3159,0,1,5,0,0.0842,0.0417
2105,1,0,0.2,55.9269,0.5714,0.3618,275,0,0.0595,0,0,0.3553,0.2513,0.1116,1,0.1222,1,0.1714,0.5591,San Carlos Alzatate,0.0989,0.125,0.1931,0.25,Jalapa,0.2953,0.693,0.1481,0.4851,0,3,0,0,0,0.2513,0.1998,1,5,0,0.0873,0.1307
2106,2,0,0.225,123.6563,1,0.1328,271,0,0.1394,0,0,0.4702,0.2567,0.0109,1,0.0399,1,0.2554,0.2142,Monjas,0.2419,0,0.2873,0.45,Jalapa,0.3528,0.6174,0.4654,0.5464,0.3736,6,0.125,0,0,0.2567,0,0,2,0,0.0867,0.0417
2107,0,0,0.125,51.8335,0,0.2756,315,0,0.0495,0,0,0.2088,0.1772,0.0831,1,0.0579,0,0.0625,0.1281,Mataquescuintla,0.0546,0,0,0.25,Jalapa,0.3945,0.7423,0.0411,1,0,0,0,0,0,0.1772,0.3656,1,0,0,0,0.1218
2201,1,0,0,93.5497,0.6279,0.51,231,0,0.371,0,0,0.4602,0.2935,0.0658,1,0.0421,1,0.0714,1,Jutiapa,0.4078,0,0.2005,0.55,Jutiapa,0.4325,0.4411,0.7341,0.6835,0.5,1,0,0,0.5,0.2935,0.2597,1,0,0,0.0711,0.0865
2202,5,0.2889,0.25,352.3636,1,0.7235,64,0,0.2303,0,1,0.5579,0.4624,0,1,0.4085,1,0.4821,0.351,El Progreso,0.1108,0,0.411,0.6,Jutiapa,0.4501,0.57,1,1,0.4335,7,0.25,0,0,0.4624,0.2,1,10,0.6667,0.0429,0.15
2203,5,0.4394,1,183.164,0.9,0.4598,13,0,0.227,0,0,0.544,0.5493,0,1,0.4405,1,0.8571,0.2991,Santa Catarina Mita,0.01,0.4,0.457,1,Jutiapa,0.4145,0.6495,1,0.9643,0.2599,3,0.875,0.1071,1,0.5493,0.2,1,14,0,0.0671,0.5634
2204,0,0,0,119.1342,0,0.0793,331,0,0.0857,0,0,0.1833,0.1039,0,1,0,0,0,0.3967,Agua Blanca,0.0042,0,0,0,Jutiapa,0.3608,0.57,0,1,0,0,0,0,0,0.1039,0,0,0,0,0,0
2205,3,0.1,0.45,71.6363,0.4,0.3933,163,0,0.1897,0,0,0.522,0.3546,0.1945,1,0.176,1,0.4393,0.1664,Asuncion Mita,0.1026,0.2618,0.1467,0.8,Jutiapa,0.3996,0.7086,1,0.8236,0.125,2,0.125,0,0,0.3546,0.1515,1,1,0,0.2188,0.2264
2206,4,0.4444,0.4,50.1252,0.7857,0.4755,37,0,0.0511,1,0,0.7245,0.5016,0.4729,1,0.3218,1,0.4857,0.6774,Yupiltepeque,0.0153,0,0.8671,0.7,Jutiapa,0.3905,0.7666,1,1,1,12,0,0,1,0.5016,0.2,1,10,0,0.6099,0.0666
2207,5,0,0.175,74.7904,0.9688,0.3728,245,0,0.0725,0,0,0.403,0.2847,0.0593,1,0.0568,0,0.4446,0.3139,Atescatempa,0.0694,0.25,0,0.55,Jutiapa,0.3599,0.609,0.1549,0.9147,0,0,0,0,0,0.2847,0,1,0,0,0.0046,0.1282
2208,0,0,0,127.4311,0,0.1933,320,0,0.0586,0,0,0.3667,0.1623,0,1,0,0,0,0.9665,Jerez,0.0243,0,0,0,Jutiapa,0.4139,0.8106,1,1,0,0,0,0,0,0.1623,0,0,0,0,0,0
2209,3,0.2689,0.2,88.8198,1,0.3321,142,0,0.0431,0,0,0.5284,0.374,0.1715,1,0.4204,1,0.3143,0.5606,El Adelanto,0,0,0.5571,0.4,Jutiapa,0.404,0.8308,0.2355,1,0.3174,10,0.125,0.3,0.5,0.374,0.2,0,9,0.7,0.4448,0.1083
2210,5,0.1333,0.25,54.2059,0,0.1576,278,0,0.0351,0,0,0.1833,0.249,0,1,0.0568,0.4,0.4821,0.4378,Zapotitlan,0,0,0.2791,0.35,Jutiapa,0.3918,0.8041,0,1,0.4106,2,0,0.4,0.5,0.249,0,0,7,0,0,0
2211,0,0.1,0,51.0988,0.4412,0.4246,260,0,0.0808,1,0,0.405,0.2673,0.11,1,0.1654,1,0,0.4729,Comapa,0,0.0364,0.3023,0.65,Jutiapa,0.2709,0.4948,0.4953,0.6836,0.0903,1,0,0,0.5,0.2673,0.5471,1,1,0,0.1434,0.201
2212,3,0.2,0.825,74.8056,0.8889,0.3045,143,0,0.1222,0,0,0.5348,0.3731,0,1,0.2679,1,0.6268,0.5225,Jalpatagua,0.0258,0,0.3448,0,Jutiapa,0.3192,0.5965,1,0.7172,0.5524,2,0.125,0,0.5,0.3731,0.2,1,11,0,0.0284,0.1083
2213,3,0,0,21.9598,0.8571,0.5065,256,0,0.0254,0,0,0.5523,0.2696,0.1909,1,0.028,1,0.2143,0.7323,Conguaco,0.0698,0,0.1068,0.8,Jutiapa,0.2379,0.3499,0.8596,0.6788,0.1667,1,0,0,0,0.2696,0,1,0,0,0.0715,0
2214,1,0.0444,0.525,102.6247,0.625,0.2818,181,0,0.2615,1,0,0.4342,0.339,0.0765,1,0.2771,0.8889,0.3339,0.159,Moyuta,0.0236,0,0.695,0.25,Jutiapa,0.1864,0.4744,0.5211,0,0.6111,8,0,0.8889,0.5,0.339,0.309,1,12,0,0.1322,0.103
2215,4,0.3333,0.25,55.5996,0.2923,0.3743,146,0,0.0419,0,0,0.4945,0.3646,0.1776,1,0.2099,1,0.4107,0.1217,Pasaco,0,0,0.4788,0.75,Jutiapa,0.3176,0.6126,0.607,0.831,0.25,8,0,1,0,0.3646,0.3345,1,9,0,0.5891,0.1114
2216,0,0,0,238.8245,0,0.1023,330,0,0.1365,0,0,0.1833,0.1105,0,1,0,0,0,0.5116,San Jose Acatempa,0.6724,0,0,0,Jutiapa,0.3772,0.3316,0,0.3937,0,0,0,0,0,0.1105,0,0,0,0,0,0
2217,4,0.2333,0.125,291.1185,0.6071,0.4921,126,0,0.2266,0,1,0.4643,0.3878,0.1383,1,0.335,1,0.3482,0.7103,Quesada,0.8228,0.2084,0.3275,0.75,Jutiapa,0.4468,0.3149,0.7422,0.4383,0.25,2,0,1,0.5,0.3878,0.4239,0,5,0,0.0204,0.2481
301,2,0,0.5,1090.8974,0.0004,0.3554,225,0,0.4984,0,0,0.1874,0.3026,0.0075,1,0.1428,0,0.3929,0.2272,Antigua Guatemala,0.1285,0.125,0,0.55,Sacatepequez,0.502,0.089,0.0121,0.9968,0,0,0.5417,0,0,0.3026,0.4,1,0,0,0.0009,0.3779
302,1,0.3667,0.75,309.9466,0.6923,0.3698,98,0,0.2495,1,0,0.3692,0.4184,0.2693,1,0.3682,0.9167,0.4464,0.3992,Jocotenango,0.0043,0.25,0.565,0.45,Sacatepequez,0.3839,0.3919,0.0051,1,0,11,0.375,0,0,0.4184,0.3695,1,5,0,0,0.3763
303,4,0.1444,0.225,424.9285,0.2093,0.4686,167,0,0.2509,0,0,0.2642,0.3516,0.1643,1,0.3082,0.7,0.3982,0.7097,Pastores,0.5059,0,0.3433,0.3,Sacatepequez,0.4686,0.1592,0.0384,1,0.4837,7,0,0,0,0.3516,0.5,1,5,0.3333,0,0.1666
304,2,0,0.25,167.3804,0.3333,0.4702,173,0,0.2637,0,0,0.2617,0.3473,0.0265,1,0.1984,0.875,0.2679,0.4008,Sumpango,0.0178,0.125,0.4976,0.95,Sacatepequez,0.2724,0.0809,0.0631,0.8417,0.6168,8,0.25,0.3036,0.6667,0.3473,0.5,1,6,0,0,0.314
305,3,0,0.4,114.7277,0.6875,0.4186,238,0,0.0497,0,0,0.371,0.2899,0.105,1,0.0916,0,0.4143,0.3929,Santo Domingo Xenacoj,0.0114,0.25,0,0.7,Sacatepequez,0.3325,0.4759,0.2126,1,0,0,0.125,0,0,0.2899,0.1,1,0,0,0,0.2032
306,2,0,0.25,160.3258,1,0.4075,186,0,0.2313,0,0,0.4498,0.3367,0.2363,1,0.2711,1,0.2679,0.5877,Santiago Sacatepequez,0.0976,0.25,0.1935,0.45,Sacatepequez,0.2986,0.2457,0.1756,0.7344,0.5,2,0.375,0,0,0.3367,0.4495,1,3,0,0,0.403
307,0,0.3333,0.25,224.7827,0.7931,0.3718,218,0,0.139,0,0,0.3744,0.3071,0.1517,1,0.2589,0.8889,0.125,0.2589,San Bartolome Millpas Altas,0.0102,0,0.3234,0.6,Sacatepequez,0.3279,0.2999,0.071,1,0,8,0.25,0,0,0.3071,0.7112,1,2,0,0,0.3203
308,3,0,0.75,681.3522,0.6061,0.59,62,0,0.3445,0,0,0.3196,0.4691,0.0425,1,0.3267,1,0.5893,1,San Lucas Sacatepequez,0.0138,0.25,0.4431,0.95,Sacatepequez,0.406,0.2356,0.0871,0.929,0.6556,5,0.5,0.7667,0.6667,0.4691,0.5156,1,5,0,0,0.4667
309,3,0.1,0.3,305.9195,1,0.413,210,0,0.197,0,0,0.3707,0.3174,0,1,0.1727,1,0.3643,0.5148,Santa Lucia Milpas Altas,0.0568,0,0.276,0.55,Sacatepequez,0.3139,0.1227,0.0218,0.9504,0.4929,5,0,0,0,0.3174,0.5,1,2,0,0,0.1666
310,2,0.1,0.25,48.6565,0.4375,0.3275,216,0,0.0246,0,0,0.3682,0.3121,0.3194,1,0.3084,0.8889,0.2679,0.2874,Magdalena Milpas Altas,0.0061,0,0.4416,0.35,Sacatepequez,0.3339,0.5516,0.1954,1,0.6347,9,0,0,0,0.3121,0.4,1,7,0,0,0.1333
311,0,0,0,88.2263,0.2,0.0589,334,0,0.1142,0,0,0.2272,0.0658,0.018,1,0.0027,0,0,0.2944,Santa Maria de Jesus,0,0,0,0,Sacatepequez,0.109,0.0344,0.018,0.3194,0,0,0,0,0,0.0658,0,0,0,0,0,0
312,3,0,0.25,158.7905,1,0.4791,249,0,0.2738,0,0,0.3698,0.2791,0.0091,1,0.0432,0,0.3393,0.3955,Ciudad Vieja,0.0399,0,0,1,Sacatepequez,0.3746,0.3692,0.0064,1,0,0,0,0,0,0.2791,0.3351,1,0,0,0,0.1117
313,1,0,0.3,244.4569,0.8276,0.3399,194,0,0.1416,0,0,0.4404,0.3304,0.1244,1,0.2836,1,0.2214,0.5993,San Miguel Dueñas,0.1278,0,0.3733,0.1,Sacatepequez,0.3244,0.1418,0.2369,1,0.74,5,0.25,1,0,0.3304,0.6,1,4,0,0.1915,0.2833
314,1,0,0.75,183.0644,0,0.2,300,0,0.2941,0,0,0.2182,0.2241,0.1577,1,0.0731,0,0.4464,0,Alotenango,0.2061,0.125,0,0,Sacatepequez,0.3468,0.1317,0.005,0.8828,0,0,0,0,0,0.2241,0.2071,1,0,0,0,0.1331
315,0,0,0,379.5602,0.6154,0.0995,325,0,0.1438,0,0,0.3213,0.1313,0.0035,1,0.0005,0,0,0.4975,San Antonio Aguas Calientes,0.0083,0,0,0,Sacatepequez,0.3672,0.3871,0.133,1,0,0,0,0,0,0.1313,0,0,0,0,0,0
316,3,0.1,0.25,180.931,0.6923,0.4291,229,0,0.0465,0,0,0.3414,0.2953,0.0971,1,0.2612,1,0.3393,0.4954,Santa Catarina Barahona,0,0.25,0.3145,0.65,Sacatepequez,0.2194,0.3211,0.0555,0.5787,0.55,4,0,0.3214,0.3333,0.2953,0,1,2,0,0,0.1282
401,6,0.5889,0.65,124.2534,0,0.6843,103,0,0.3744,0,1,0.3201,0.4139,0.6345,1,0.3674,1,0.7536,0.505,Chimaltenango,0.0126,0.25,0.2469,0.75,Chimaltenango,0.3385,0.1483,0,1,0.4868,2,0,0,0,0.4139,0.0358,1,5,0.1667,0,0.1401
402,4,0,0.525,30.01,0,0.687,130,0,0.0482,0,1,0.2791,0.3844,0.0838,1,0.1277,1,0.5482,0.5186,San Jose Poaquil,0,0.2587,0.1124,0.75,Chimaltenango,0.3719,0.7138,0.4237,1,0.1316,1,0.125,0,0,0.3844,0.4,1,1,0.1667,0,0.3076
403,4,0.5889,0.275,64.58,1,0.7187,40,0,0.1617,0,1,0.6842,0.4977,0.1915,1,0.3814,0.8889,0.4232,0.46,San Martin Jilotepeque,0.1625,0.125,0.6345,0.8,Chimaltenango,0.3864,0.4976,0.7534,0.9585,0.7667,8,0.125,0,1,0.4977,0.1,1,13,0.3333,0.7534,0.1391
404,0,0.6333,0.575,37.7771,0.875,0.6668,141,0,0.0915,0,1,0.416,0.3747,0.3205,1,0.2197,0,0.2875,0.3674,Comalapa,0.0092,0,0.5576,0.8,Chimaltenango,0.2693,0.3281,0,0.8471,0.49,9,0.125,0,1,0.3747,0.0286,1,10,0.1667,0.0171,0.0512
405,4,0.2,0.175,111.1837,1,0.4538,50,0,0.1243,1,1,0.625,0.4868,0.2347,1,0.4595,0,0.3732,0.2691,Santa Apolonia,0,0.65,0.2625,0,Chimaltenango,0.4061,0.731,0.727,1.0113,0,0,1,0,1,0.4868,0.4,1,0,0,0.4063,0.8
406,6,0.6333,0.6,31.8241,1,0.4898,26,0,0.1135,1,1,0.521,0.5146,0.2416,1,0.3965,0.1667,0.7286,0.3655,Tecpan,0.0228,0,0.6612,0.55,Chimaltenango,0.3762,0.6375,0.2789,1,0.5219,12,0.8333,0.3542,0,0.5146,0.1,0,8,0.5333,0.2789,0.3111
407,6,0.7365,0.425,46.2137,0.98,0.8286,20,0,0.1132,0,1,0.4679,0.5272,0.2042,1,0.5394,0.75,0.6411,0.5597,Patzun,0.014,0,0.5128,0.75,Chimaltenango,0.3544,0.5415,0.2042,1,0.5625,7,0.875,0,0.3333,0.5272,0.2,1,14,0.8333,0.1277,0.3583
408,1,0,0.25,50.5586,0.5333,0.7003,195,0,0.0436,0,1,0.442,0.3284,0.1405,1,0.1312,0,0.1964,0.5516,Pochuta,0.0207,0.25,0,0.95,Chimaltenango,0.3368,0.5273,0.3562,1,0,0,0,0,0,0.3284,0.5,1,0,0,0.3562,0.2948
409,4,0,0.2,15.6079,0,0.5543,253,0,0.0342,0,1,0.2727,0.2739,0.2752,1,0.0882,0,0.3857,0.2217,Patzicia,0.0053,0.125,0,0.55,Chimaltenango,0.3034,0.539,0.164,0.8701,0,0,0,0,0,0.2739,0.1894,1,0,0,0,0.1272
410,0,0,0.25,37.7031,0,0.4466,305,0,0.0242,0,0,0.2712,0.2158,0.2597,1,0.0906,0,0.125,0.4828,Santa Cruz Balanya,0,0.25,0,0.75,Chimaltenango,0.3125,0.4687,0.1738,1,0,0,0,0,0,0.2158,0.0345,1,0,0,0,0.1397
411,4,0.2,1,28.1118,0.7778,0.4836,27,0,0.0494,1,1,0.49,0.5145,0.3375,1,0.425,0,0.7857,0.4181,Acatenango,0.0618,0.4,0.2625,0,Chimaltenango,0.3971,0.7596,0.3375,1,0,0,1,0,1,0.5145,0.3882,1,0,0,0.1608,0.6678
412,3,0,0.425,135.1045,1,0.562,105,0,0.2047,0,1,0.4447,0.4125,0.0309,1,0.2533,0,0.4268,0.8099,Yepocapa,0.0136,0.4,0,0,Chimaltenango,0.3784,0.5022,0.2351,1,0,0,0.875,0,0,0.4125,0.5,1,0,0,0.1542,0.6634
413,4,0,0.35,27.2988,1,0.7206,76,0,0.0546,0,1,0.456,0.4469,0.2488,1,0.426,0,0.4607,0.4031,San Andres Iztapa,0.0011,0.4,0,0.2,Chimaltenango,0.3392,0.5604,0.1945,1,0,0,1,0,0,0.4469,0.5,1,0,1,0,0.7051
414,3,0.6889,0.525,29.2124,1,0.708,6,0,0.0291,1,1,0.5135,0.5756,0.1749,1,0.7402,0.8,0.4768,0.2399,Parramos,0.0184,0.4,0.714,0.3,Chimaltenango,0.3484,0.6092,0.4031,1,1,5,1,1,1,0.5756,0.464,1,8,1,0.192,0.6931
415,3,0.2667,0.675,64.4597,1,0.6086,135,0,0.1114,0,1,0.4067,0.3811,0.0368,1,0.11,1,0.5518,0.2764,Zaragoza,0,0,0.3392,0.6,Chimaltenango,0.3138,0.3696,0.0876,0.9958,0.4393,5,0,0.0667,0,0.3811,0.2,1,8,0.1667,0.0876,0.0666
416,7,0.1,0.575,126.3326,0.7692,0.6528,89,0,0.1569,0,1,0.3966,0.4282,0.1206,1,0.1912,0,0.7875,0.3142,El Tejar,0.109,0.4474,0.0908,0.95,Chimaltenango,0.3455,0.3064,0.0341,1,0.5968,1,0,0,0,0.4282,0.2,1,0,0,0.2183,0.2961
501,0,0.3667,0.25,193.3841,0.7,0.3476,183,0.25,0.4576,1,0,0.3646,0.3388,0.0733,1,0.2307,0.3333,0.125,0.4881,Escuintla,0.1001,0,0.6989,0.25,Escuintla,0.38,0.112,0.0074,1,1,9,0.25,0,0.5,0.3388,0.1,1,13,0,0.0816,0.1167
502,4,0.1,0.25,196.7923,0,0.1618,288,0.75,0.3951,0,0,0.2458,0.234,0,1,0.1094,0,0.4107,0.6092,Santa Lucia Cotzumalguapa,0.3307,0,0.0063,0.2,Escuintla,0.4542,0.2656,0,0.9918,0,0,0.375,0,0,0.234,0,0,0,0,0,0.125
503,2,0.2444,0.25,391.4041,0.8409,0.2732,200,0.25,0.2875,0,0,0.443,0.3256,0.0763,1,0.4258,1,0.2679,0.0661,La Democracia,0.0585,0,0.3017,0.3,Escuintla,0.411,0.3684,0.3722,1,0.5,4,0.25,0,0,0.3256,0.5213,1,7,0,0,0.257
504,3,0.2,0.25,274.4587,1,0.2356,169,0.25,0.2241,0,0,0.5399,0.3502,0.0525,1,0.2799,1,0.3393,0.3781,Siquinala,0.0677,0,0.3981,0.8,Escuintla,0.4381,0.6132,0.541,1,0.605,4,0.25,1,0,0.3502,0.2,0,10,0,0.2284,0.15
505,1,0.3909,0.25,378.6699,0.5849,0.42,171,0,0.3684,0,0,0.419,0.349,0.1178,1,0.2954,1,0.1964,1,Masagua,0.1433,0,0.4489,0.1,Escuintla,0.3679,0.3649,0.5621,0.5926,0.5,11,0.25,0,0,0.349,0.4747,1,0,0,0,0.2415
506,2,0.1,0.25,112.2141,0.7143,0.23,240,0.25,0.2268,0,0,0.3841,0.2891,0.0467,1,0.2785,0.6667,0.2679,0,Tiquisate,0.0726,0,0.2235,0.15,Escuintla,0.2838,0.2249,0.203,0.7492,0.5,2,0.5,0,0,0.2891,0.5371,1,8,0,0.009,0.3456
507,3,0.7333,0.5,489.133,0.8095,0.367,33,0.25,0.399,1,0,0.4661,0.5039,0.1263,1,0.4721,1,0.4643,0.3348,La Gomera,0.7147,0,0.8524,0.5,Escuintla,0.5731,0.2066,0.4705,1,0.5,10,0.375,1,1,0.5039,0.5263,1,11,0,0,0.3004
508,2,0.1,0.75,118.9013,0.8947,0.0645,252,0,0.1106,0,0,0.4114,0.2747,0.0844,1,0.2806,0.7143,0.5179,0.3224,Guanagazapa,0.0001,0,0.3519,0,Escuintla,0.2693,0.2706,0.25,0.8493,0.5,7,0,0,0,0.2747,0.1,0,6,0,0,0.0333
509,4,0.6037,0.5,589.2382,0.9333,0.8933,3,0,0.5303,1,1,0.6129,0.6224,0.1136,1,0.556,0.7778,0.5357,1,San Jose,0.1635,0.4284,0.6734,0.8,Escuintla,0.4211,0.2157,0.8036,0.6777,0.5556,9,0.375,0.5778,0,0.6224,0.7603,1,13,0.6667,0.4727,0.5981
510,5,0.7333,0.25,1183.2608,1,0.59,78,0,0.3224,0,0,0.5934,0.4436,0.1306,1,0.3758,1,0.4821,1,Iztapa,0.2454,0.25,0.3536,0.95,Escuintla,0.4646,0.3362,0.4941,0.54,0.3621,2,0,0.75,0,0.4436,0.15,1,12,0,0.5889,0.1782
511,7,0,0.25,218.8221,0,0.347,224,0.25,0.3678,0,0,0.3853,0.3032,0.4805,1,0.0706,0,0.625,0.5349,Palin,0.2471,0,0,0.2,Escuintla,0.4616,0.4,0.423,1,0,0,0,0,0,0.3032,0,1,0,0,0,0
512,3,0,0.25,265.9805,0.6757,0.0361,308,0.25,0.1999,0,0,0.4343,0.2106,0.1141,1,0.0293,1,0.3393,0.1806,San Vicente Pacaya,0.0093,0,0.0911,0,Escuintla,0.3295,0.2198,0.3889,1,0,1,0,0,0,0.2106,0.1,0,0,0,0.0564,0.0333
513,2,0.1,0.3,62.4245,1,0.1468,269,0.25,0.1381,0,0,0.4676,0.2579,0.0589,1,0.2626,1,0.2929,0.534,Nueva Concepcion,0.1702,0,0.1827,0.2,Escuintla,0.3406,0.4271,0.3089,0.8268,0.3184,2,0.25,0,0,0.2579,0.1,0,3,0,0.0588,0.1167
601,5,0.1889,0.25,151.7968,0.6981,0.3071,221,0,0.2169,0,0,0.3519,0.3065,0.0592,1,0.1553,1,0.4821,0.5355,Cuilapa,0.0793,0.0265,0.1766,0,Santa Rosa,0.3575,0.548,0.0942,0.7372,0.5,1,0.25,0,0,0.3065,0.2,1,3,0,0.0578,0.1636
602,6,0.1,0.25,235.461,0.0833,0.6821,54,0,0.2882,0,1,0.3319,0.4764,0.1965,1,0.412,0.6667,0.5536,0.2438,Barberena,0.497,0.3107,0.2741,0.8,Santa Rosa,0.5256,0.559,0.435,0.9232,0.5,2,0.25,0.6667,0.5,0.4764,0.746,1,2,0.3667,0.0609,0.4913
603,5,0.0444,0.675,85.21,1,0.4444,99,0,0.0855,0,1,0.5751,0.4179,0.0702,1,0.1756,1,0.6946,0.4719,Santa Rosa de Lima,0.0755,0.0184,0.3279,0.75,Santa Rosa,0.3883,0.708,1,0.9174,0.016,6,0,1,0,0.4179,0.2033,0,3,0,0.0544,0.0772
604,3,0.2,0.275,79.5002,0.6667,0.4405,129,0,0.088,0,0,0.4476,0.3848,0.0723,1,0.4427,1,0.3518,0.3692,Casillas,0.0511,0.25,0.3722,0.5,Santa Rosa,0.3023,0.6916,0.584,0.5314,0.5,5,0.125,1,0,0.3848,0.6743,1,5,0.3333,0.1058,0.3945
605,2,0.1,0.425,121.9726,1,0.4864,148,0,0.1227,0,1,0.4352,0.3626,0.1939,1,0.3321,0.75,0.3554,0.6821,San Rafael Las Flores,0.5763,0,0.2512,0.75,Santa Rosa,0.4587,0.519,0.1165,0.8028,0.125,3,0,0.75,0,0.3626,0.5655,0,6,0,0.0291,0.1884
606,4,0.3667,0.225,50.8493,0.2195,0.4565,162,0,0.0738,0,0,0.4319,0.3548,0.5748,1,0.3197,1,0.3982,0.5827,Oratorio,0.0732,0.1185,0.3528,0.7,Santa Rosa,0.3618,0.6277,0.4301,0.9124,0.5464,1,0,1,1,0.3548,0.2,1,0,0,0.0306,0.1274
607,3,0.1,0.175,13.4202,0.4118,0.3665,235,0,0.0124,0,0,0.4439,0.2916,0.1216,1,0.0929,1,0.3018,0.8325,San Juan Tecuaco,0,0,0.2258,0,Santa Rosa,0.378,0.7888,0.3255,1,0.3977,2,0,0,0.5,0.2916,0.1,1,0,0,0.5413,0.0333
608,6,0.1333,0.25,124.0868,0.9091,0.4495,145,0,0.2421,0,1,0.4116,0.3656,0.0835,1,0.1038,1,0.5536,0.2474,Chiquimulilla,0.2696,0,0.2643,0,Santa Rosa,0.3008,0.4226,0.1539,0.3448,0.5,2,0.5417,0,0.5,0.3656,0.1,1,3,0,0.084,0.2139
609,3,0,0.5,99.9101,0,0.52,273,0,0.1399,0,1,0.1977,0.2564,0.0667,1,0.0598,0,0.4643,0,Taxisco,0.374,0,0,0.6,Santa Rosa,0.2233,0.3343,0,0.0618,0,0,0,0,0,0.2564,0.4,1,0,0,0,0.1333
610,3,0.1,0.5,32.4813,1,0.3686,184,0,0.0552,0,1,0.5751,0.3383,0.1166,1,0.3427,1,0.4643,0.1428,Santa Maria Ixhuatan,0,0.08,0.2961,0.7,Santa Rosa,0.1695,0.4995,1,0.2081,0.5,1,0,0.4286,0.5,0.3383,0.3456,0,7,0,0,0.1562
611,3,0,0.35,165.3564,1,0.4672,151,0,0.1434,0,0,0.5384,0.3616,0.2457,1,0.1142,1,0.3893,0.4862,Guazacapan,0,0,0.1996,0.85,Santa Rosa,0.3669,0.5142,0.5486,1,0.3947,1,0.125,1,0,0.3616,0.5,1,1,0,0.0995,0.2083
612,4,0.1444,1,82.4887,0.75,0.4214,73,0,0.0602,0,0,0.5341,0.4496,0.1514,1,0.3599,0.25,0.7857,0.5569,Santa Cruz Naranjo,0.0741,0.2584,0.2237,0.55,Santa Rosa,0.3629,0.7394,0.7128,0.7874,0.5,2,0.125,0.375,0.5,0.4496,0.5876,1,1,0,0.2726,0.37
613,2,0.0444,0.35,24.3358,1,0.2101,264,0,0.0485,0,0,0.4264,0.2638,0.0526,1,0.0577,1,0.3179,0.6006,Pueblo Nuevo Viñas,0.2751,0,0.2033,0.45,Santa Rosa,0.2917,0.2951,0.2094,0.7312,0.5,1,0,1,0,0.2638,0.4,0,0,0,0.0547,0.1333
614,5,0.6444,0.75,83.1799,1,0.6033,29,0,0.1199,0,0,0.6377,0.51,0.1598,1,0.5385,1,0.7321,1,Nueva Santa Rosa,0.0525,0,0.569,0.65,Santa Rosa,0.3263,0.602,1,0.7112,0.2114,8,0.375,1,0.6667,0.51,0.2,1,8,0.3667,0.2903,0.1916
701,0,0,0,63.8318,0,0.1578,327,0,0.2152,0,0,0.2061,0.1262,0.1559,0,0.0229,0,0,0.7889,Solola,0.0428,0,0,0,Solola,0.3931,0.5651,0.9406,1,0,0,0,0,0,0.1262,0,0,0,0,0,0
702,0,0.3222,0.25,143.0717,1,0.7374,55,0,0.0563,1,1,0.4968,0.4762,0.2986,0,0.2395,1,0.125,0.537,San Jose Chacaya,0.5493,0.45,0.6934,0.65,Solola,0.5406,0.8155,1,0.9831,0.9,11,0,0,0.3333,0.4762,0.1,1,5,0.5,0.3589,0.2641
703,1,0.3667,0.225,97.0753,1,0.6343,30,0,0.0205,1,1,0.7663,0.5078,0.1529,1,0.5163,1,0.1839,0.6881,Santa Maria Visitacion,0,0.2,0.898,0.65,Solola,0.3535,0.6235,1,1,1,11,0.125,0.7455,1,0.5078,0.2,0,12,0.8333,1,0.2109
704,1,0.3667,0.15,33.8448,1,0.3622,156,0.5,0.0538,0,1,0.5834,0.3578,0.0167,1,0.4384,0.6667,0.1464,0.5612,Santa Lucia Utatlan,0.002,0.2,0.4853,0.25,Solola,0.3921,0.7942,0.7348,1,0.8214,4,0.125,0.6667,1,0.3578,0.1,0,7,0,0.2003,0.1776
705,4,0.1,0.225,20.3457,1,0.5027,139,0,0.0523,0,0,0.7583,0.3754,0.2722,1,0.2275,0.75,0.3982,0.7136,Nahuala,0,0,0.2048,0.8,Solola,0.3885,0.8391,1,0.9442,0.2563,3,0,0.6667,0,0.3754,0,1,0,0,0.8163,0
706,1,0.1,0.9,20.1844,0.675,0.5537,140,0,0.0467,0,0,0.4597,0.375,0.0472,1,0.0978,1,0.5214,0.8686,Santa Catarina Ixtahuacan,0.0853,0.0665,0.2339,0.9,Solola,0.4052,0.7776,0.3925,1,0.4841,2,0.125,1,0,0.375,0,1,0,0,0.3845,0.0758
707,2,0.3333,0.675,111.549,0.8163,0.6471,71,0,0.0639,0,1,0.6317,0.4507,0.4473,1,0.3625,1,0.4804,0.6024,Santa Clara La Laguna,0.0826,0.125,0.4576,0.3,Solola,0.423,0.791,0.5517,1,1,2,0,1,1,0.4507,0.0003,1,4,0.3333,0.5517,0.0642
708,6,0.3667,0.725,54.6628,0.8554,0.3327,19,0,0.0346,1,0,0.6739,0.5276,0.1268,1,0.394,1,0.7911,0.3804,Concepcion,0.5635,0.2,0.6074,0.95,Solola,0.532,0.819,0.6712,1,1,3,0,0.7143,0.6667,0.5276,0.3775,0,10,0.3333,1,0.2284
709,2,1,0.65,69.457,0.8,0.6928,36,0,0.0721,1,1,0.5858,0.5031,0.0112,1,0.4508,1,0.4679,0.5639,San Andres Semetabaj,0.0777,0.2,0.6199,0.9,Solola,0.3636,0.5443,0.8962,1,0.8704,3,0.125,0.3333,0.6667,0.5031,0.4333,0,11,1,0.4859,0.2886
710,4,0.4444,0.9,212.1264,0.1111,0.2872,66,0,0.1674,1,0,0.4027,0.4591,0.3766,1,0.1969,0.7692,0.7357,0.4862,Panajachel,0.1358,0.25,0.6505,0.95,Solola,0.3918,0.5789,0.5543,0.8281,0.8205,10,0.375,0,0.3333,0.4591,0.1,0,5,0,0.0883,0.2865
711,3,0.2133,0.2,81.8512,0.8421,0.6937,53,0,0.0383,1,1,0.7016,0.478,0.5169,1,0.3055,1,0.3143,0.3687,Santa Catarina Palopo,0.1913,0,0.6525,0.4,Solola,0.4392,0.7893,0.7902,1,1,10,0,0,0,0.478,0.2,1,8,0.7,0.5869,0.0666
712,3,0.3667,0.25,21.3882,0.8333,0.1775,161,0.5,0.023,1,0,0.7304,0.3552,0.0113,1,0.2072,0,0.3393,0.3377,San Antonio Palopo,0.0389,0.125,0.3537,0.55,Solola,0.3914,0.791,1,1,0.2581,0,0.125,0,0.6667,0.3552,0.1,0,11,0,0.9101,0.1391
713,1,0.3667,0.25,52.3961,0.7333,0.2223,108,0.5,0.0837,1,0,0.6044,0.4107,0.2514,1,0.5826,1,0.1964,0.395,San Lucas Toliman,0,0.3557,0.6072,0.35,Solola,0.3182,0.4222,1,1,0.8519,4,0.5,1,0.3333,0.4107,0.5,0,11,0.3667,0.0406,0.5157
714,2,0.2333,0.425,153.0607,0,0.282,187,0,0.0745,0,1,0.2942,0.3365,0.2186,1,0.3321,0.5,0.3554,0.4099,Santa Cruz La Laguna,0.0769,0.125,0.4224,0,Solola,0.4344,0.8143,0.3402,1,0.5764,7,0,0,0.3333,0.3365,0.5,0,9,0,0.0074,0.2307
715,2,0.2667,0.2,30.6081,1,0.4157,132,0,0.0232,0,1,0.5644,0.3831,0.0021,1,0.1964,1,0.2429,0.4787,San Pablo La Laguna,0.0092,0.1339,0.4774,0.6,Solola,0.3477,0.6216,1,1,1,3,0.125,0.5926,0.6667,0.3831,0.4197,0,11,0,0.0763,0.2502
716,2,0.6333,0.525,84.3034,0.8667,0.2067,57,0,0.0374,1,0,0.6451,0.4739,0,1,0.3214,0.75,0.4054,0.4667,San Marcos La Laguna,0.0036,0.2959,0.7888,0.4,Solola,0.3795,0.7254,1,1,1,9,0.125,0.5648,0.6667,0.4739,0.6734,0,12,0.1667,0.6518,0.4178
717,4,0.2074,0.35,253.5801,0,0.1348,255,0.5,0.1225,0,0,0.2426,0.2711,0.0818,1,0.12,1,0.4607,0.424,San Juan La Laguna,0.1288,0,0.3652,0.25,Solola,0.4232,0.6446,0,0.9495,0.075,4,0,0.5,0.6667,0.2711,0,0,6,0,0,0
718,4,0.9,0.8,133.8579,0.8636,0.6585,25,0.5,0.0825,1,1,0.6143,0.5198,0,1,0.1372,1,0.6857,0.8093,San Pedro La Laguna,0.029,0,0.644,0.85,Solola,0.4077,0.7487,1,1,0.5,5,0.125,0.9333,1,0.5198,0.2,0,3,0.6333,0.2599,0.1083
719,2,0.3921,0.3,80.2573,0.3913,0.62,79,0.25,0.08,1,1,0.535,0.4429,0.137,1,0.2344,1,0.2929,1,Santiago Atitlan,0,0.125,0.6125,0.6,Solola,0.3133,0.3885,1,1,0.6726,7,0.4583,0,0.6667,0.4429,0.2,0,6,0.5,0.252,0.2835
801,0,0,0,23.7647,1,0.2,312,0,0.0758,0,0,0.5549,0.1881,0.4235,1,0.0622,0,0,1,Totonicapan,0.3925,0,0,0,Totonicapan,0.3739,0.6179,0.2643,0.6065,0,0,0,0,0,0.1881,0,0,0,0,0.2643,0
802,2,0.2,0.325,40.4769,0.354,0.0978,267,0,0.0946,0,0,0.438,0.2606,0.1489,1,0.1906,0,0.3054,0.3392,San Cristobal Totonicapan,0.0011,0,0.2331,0.15,Totonicapan,0.3726,0.6603,0.6929,1,0.1034,3,0.25,0,1,0.2606,0.1,0,0,0,0.1672,0.1167
803,6,0.4111,0.5,62.7178,0.9038,0.5011,48,0,0.1238,1,0,0.2982,0.4871,0.0395,0,0.4197,1,0.6786,0.6391,San Francisco El Alto,0.0092,0.25,0.6628,0.7,Totonicapan,0.3904,0.6879,0.4298,1,0.5063,5,0.6667,1,1,0.4871,0.1239,1,8,0.1667,0.2464,0.3917
804,2,0.5111,0.75,13.069,0.1667,0.7133,59,0,0.0339,0,0,0.602,0.4703,0.0995,1,0.4213,0.5,0.5179,1,San Andres Xecul,0,0.2,0.3612,0.9,Totonicapan,0.3916,0.8273,1,1,0.1667,3,0.25,0,1,0.4703,0.15,1,8,0.6667,1,0.2359
805,4,0.5889,1,13.4825,1,0.6326,45,0,0.053,0,1,0.313,0.4917,0.3142,0,0.3911,1,0.7857,0.5128,Momostenango,0,0,0.7236,0.65,Totonicapan,0.3785,0.7477,0.1691,1,1,10,0.25,1,0.6667,0.4917,0.1,1,11,0,0.1691,0.1167
806,2,0.3667,0.25,16.3933,1,0.4584,112,0,0.0456,0,1,0.4816,0.4059,0.0215,0,0.2939,0.8889,0.2679,0.8421,Santa Maria Chiquimula,0,0.2,0.6308,0.45,Totonicapan,0.3859,0.7872,1,1,0.86,8,0.125,0.8333,0.6667,0.4059,0.2,0,12,0,0.6018,0.2109
807,1,0.3667,0.15,12.691,1,0.3616,149,0,0.0261,0,1,0.6096,0.3623,0.0247,1,0.4395,0.6667,0.1464,0.5581,Santa Lucia La Reforma,0,0.2,0.4853,0.25,Totonicapan,0.3932,0.8432,1,1,0.8214,4,0.125,0.6667,1,0.3623,0.1,0,7,0,0.2958,0.1776
808,4,0.5444,0.7,43.3244,1,0.6975,22,0,0.0521,0,1,0.5685,0.5247,0.2149,1,0.4037,0.8333,0.6357,0.9876,San Bartolo Aguas Calientes,0,0,0.6233,0.5,Totonicapan,0.373,0.7075,0.4243,1,0.84,10,0.25,0.8,0.3333,0.5247,0.5,1,9,0,0.4243,0.2499
901,2,0.4556,0.5,895.6515,0.5882,0.56,60,0.75,0.7067,0,0,0.4501,0.4698,0.1643,1,0.3215,0.5,0.3929,1,Quetzaltenango,0.068,0.125,0.439,0.8,Quetzaltenango,0.5018,0.0391,0.25,0.9975,0.1963,6,0.5417,0.1667,1,0.4698,0.6907,1,6,0,0.0827,0.4748
902,5,0.5333,0.25,364.4541,1,0.5876,82,0.75,0.255,0,1,0.5026,0.4372,0,1,0.1013,1,0.4821,0.438,Salcaja,0.0001,0,0.6422,0.5,Quetzaltenango,0.4085,0.4707,0.2802,1,0.5417,12,0,1,0,0.4372,0,1,10,0,0.1203,0
903,3,0.2222,0.225,51.7652,1,0.3775,155,0,0.111,0,1,0.4057,0.3588,0.1573,1,0.2766,0.6,0.3268,0.204,Olintepeque,0.0537,0.4,0.3855,0.35,Quetzaltenango,0.4106,0.7499,0.0279,1,0.175,6,0.125,0,0.6667,0.3588,0,0,7,0.3333,0,0.2468
904,5,0,0.35,32.737,0.3621,0.4149,223,0,0.0686,0,0,0.3269,0.3037,0.1557,1,0.0854,0,0.5321,0.4743,San Carlos Sija,0,0,0,0.6,Quetzaltenango,0.3815,0.7339,0.1191,1,0,0,0.5,0,0,0.3037,0,1,0,0,0.1191,0.1667
905,2,0,0.25,61.795,0.5833,0.3491,298,0,0.0261,0,0,0.3243,0.2249,0,1,0.0156,0,0.2679,0.2954,Sibilia,0.0889,0,0,0.45,Quetzaltenango,0.3668,0.6131,0.0927,0.9852,0,0,0.125,0,0,0.2249,0,1,0,0,0.0927,0.0417
906,4,0.1333,0.75,34.4636,0,0.709,127,0,0.0404,0,1,0.1833,0.3873,0,1,0.2485,1,0.6607,0.7283,Cabrican,0,0.125,0.2907,0.65,Quetzaltenango,0.3327,0.6713,0,0.8566,0.6667,3,0.25,0,0,0.3873,0,1,8,0.1667,0,0.1474
907,2,0,0.175,20.414,1,0.48,306,0,0.0223,0,0,0.2197,0.213,0.0788,0,0.0116,0,0.2304,1,Cajol,0.1832,0,0,0.4,Quetzaltenango,0.3477,0.4532,0.0529,0.9833,0,0,0,0,0,0.213,0,1,0,0,0.0529,0
908,1,0,0.375,10.6688,0.8837,0.1352,287,0,0.0098,0,0,0.6337,0.2349,0.2372,1,0.0349,0,0.2589,0.4758,San Miguel Siguila,0,0,0,0.2,Quetzaltenango,0.3818,0.8102,0.6712,1,0,0,0,0,0,0.2349,0,0,0,0,0.6231,0
909,6,0.2667,0.25,81.4649,1,0.2091,222,0,0.1874,0,0,0.4302,0.3056,0.1461,1,0.058,0,0.5536,0.2453,San Juan Ostuncalco,0.0051,0.125,0.1484,0.8,Quetzaltenango,0.3947,0.6333,0.0243,1,0.0714,0,0,0,1,0.3056,0.1,0,0,0,0.1504,0.0974
910,2,0,0.35,51.4949,0.8864,0.3691,272,0,0.0454,0,0,0.3563,0.2565,0.0488,1,0.0458,0,0.3179,0.2955,San Mateo,0,0,0,0.55,Quetzaltenango,0.3928,0.7991,0,1,0,0,0,0,0,0.2565,0.309,1,0,0,0,0.103
911,3,0.5889,0.5,89.6187,0.8824,0.4733,91,0,0.1152,0,1,0.5327,0.4255,0.1796,1,0.2052,0.7857,0.4643,0.4167,Concepcion Chiquirichapa,0.0242,0.25,0.6202,0.45,Quetzaltenango,0.3342,0.4132,0.5351,1,0.3379,11,0,0.5238,0.6667,0.4255,0,0,8,0.5,0.2772,0.1282
912,2,0,0,34.9976,1,0.2706,276,0,0.0596,0,0,0.5623,0.2512,0.154,1,0.0799,0,0.1429,0.7529,San Martin Sacatepequez,0,0,0,0.6,Quetzaltenango,0.3789,0.7305,0.8556,1,0,0,0.4583,0,0,0.2512,0,0,0,0,0.0301,0.1528
913,4,0,0.725,117.8752,0.8684,0.4349,174,0,0.1406,0,0,0.3675,0.3466,0.3695,0,0.3002,0,0.6482,0.258,Almolonga,0,0.125,0,0.55,Quetzaltenango,0.3063,0.4668,0.3362,0.7804,0,0,0.375,0,0,0.3466,0.4,1,0,0.3667,0.3653,0.3224
914,3,0.2444,0.75,23.3268,0,0.4517,122,0,0.0535,0,0,0.1833,0.3902,0,1,0.3986,0.9231,0.5893,0.5419,Cantel,0,0.125,0.5467,0.35,Quetzaltenango,0.3254,0.6679,0,0.8147,0.2753,12,0.5417,0,0.3333,0.3902,0,1,7,0.3667,0,0.2447
915,2,0.2889,0.175,36.4044,0.4211,0.0934,258,0,0.0497,0,0,0.2801,0.2681,0.0908,1,0.3971,0.4545,0.2304,0.3669,Huitan,0.2052,0.4,0.3688,0.1,Quetzaltenango,0.4309,0.75,0,1,0.5455,5,0,0,0.6667,0.2681,0,0,5,0,0,0.2051
916,1,0.0444,0.5,109.7777,0.9032,0.182,147,0,0.106,0,0,0.6038,0.3626,0.2676,1,0.182,1,0.3214,0.81,Zunil,0.0025,0,0.4228,0.1,Quetzaltenango,0.3865,0.6705,0.599,1,0.5638,7,0.375,0.9524,0,0.3626,0.4029,0,5,0,0.4764,0.2593
917,3,0,0.25,49.1995,0.6,0.05,277,0,0.1195,0,0,0.4798,0.251,0.0335,1,0.0818,0,0.3393,0.15,Colomba,0.2373,0.1327,0,0.1,Quetzaltenango,0.4317,0.6503,0.6748,0.9846,0,0,0.1667,0,0,0.251,0.2441,0,0,0,0.3028,0.2049
918,4,0,0.675,50.3766,0,0.5843,244,0,0.0297,0,1,0,0.285,0,0,0.0553,0,0.6232,0.5216,San Francisco La Union,0,0.125,0,0.4,Quetzaltenango,0.3551,0.7875,0,0.8419,0,0,0.25,0,0,0.285,0,1,0,0,0,0.1474
919,4,0.1444,0.675,42.3265,1,0.57,92,0,0.0935,0,1,0.598,0.4235,0.068,1,0.3395,1,0.6232,1,El Palmar,0.0656,0.1562,0.2916,0.85,Quetzaltenango,0.2614,0.5537,1,0.4787,0.4028,2,0.25,1,0,0.4235,0.1,0,7,0,0.182,0.1968
920,5,0,0.5,161.6412,0.2034,0.4212,202,0,0.4187,0,0,0.4407,0.324,0.1077,1,0.1079,0,0.6071,0.5059,Coatepeque,0.116,0,0,0.6,Quetzaltenango,0.2292,0.2476,0.5415,0.1319,0,0,0.25,0,0,0.324,0.4869,1,0,0,0.5326,0.2456
921,2,0,0.425,39.2942,1,0.1813,302,0,0.1007,0,0,0.4322,0.2229,0.1115,0,0.0528,0,0.3554,0.2065,Genova,0.0632,0,0,0.7,Quetzaltenango,0.2711,0.4967,1,0.588,0,0,0.2917,0,0,0.2229,0,0,0,0,0.2266,0.0972
922,2,0,0.275,25.7602,0.7,0.1483,280,0,0.0572,0,0,0.528,0.2467,0.2642,1,0.1201,0,0.2804,0.4914,Flores Costa Cuca,0,0,0,0.25,Quetzaltenango,0.3068,0.6771,0.6008,0.7041,0,0,0.25,0,0,0.2467,0.4,0,0,0,0.2687,0.2166
923,3,0,0.5,90.287,0.5075,0.1713,180,0,0.1278,0,0,0.5093,0.3395,0.1871,1,0.1248,1,0.4643,0.3063,La Esperanza,0.0185,0,0.33,0.55,Quetzaltenango,0.3932,0.6867,0.7297,0.982,0.5733,5,0,0.7,0,0.3395,0.5062,0,3,0,0.3211,0.1687
924,5,0.1333,0.225,172.436,0.7937,0.4843,44,0,0.1096,0,0,0.5365,0.4924,0.2682,1,0.4427,0.9167,0.4696,0.4715,Palestina de los Altos,0.0276,0.2411,0.6654,0.95,Quetzaltenango,0.3593,0.4823,0.779,1,0.2546,12,0,0,1,0.4924,0.9467,1,12,0,0.0383,0.4391
